,player_name,player_name_merge,merge_name,position,gsis_id,pfr_id,draft_year,year
0,A.J. Brown,aj brown,aj brown,WR,00-0035676,BrowAJ00,2019.0,2020.0
1,A.J. Dillon,aj dillon,aj dillon,RB,00-0036265,DillAJ00,2020.0,2020.0
2,A.J. Green,aj green,aj green,WR,00-0027942,GreeA.00,2011.0,2020.0
3,Aaron Jones,aaron jones,aaron jones,RB,00-0033293,JoneAa00,2017.0,2020.0
4,Aaron Rodgers,aaron rodgers,aaron rodgers,QB,00-0023459,RodgAa00,2005.0,2020.0
5,Adam Humphries,adam humphries,adam humphries,WR,00-0032009,HumpAd00,2015.0,2020.0
6,Adam Thielen,adam thielen,adam thielen,WR,00-0030035,ThieAd00,2014.0,2020.0
7,Adam Trautman,adam trautman,adam trautman,TE,00-0036422,TrauAd00,2020.0,2020.0
8,Adrian Peterson,adrian peterson,adrian peterson,RB,00-0025394,PeteAd01,2007.0,2020.0
9,Albert Okwuegbunam,albert okwuegbunam,albert okwuegbunam,TE,00-0036423,OkwuAl00,2020.0,2020.0
10,Albert Wilson,albert wilson,albert wilson,WR,00-0030669,WilsAl02,2014.0,2020.0
11,Alex Smith,alex smith,alex smith,QB,00-0023436,SmitAl03,2005.0,2020.0
12,Alexander Mattison,alexander mattison,alexander mattison,RB,00-0034972,MattAl01,2019.0,2020.0
13,Allen Lazard,allen lazard,allen lazard,WR,00-0034521,LazaAl00,2018.0,2020.0
14,Allen Robinson,allen robinson,allen robinson,WR,00-0031428,RobiAl02,2014.0,2020.0
15,Alshon Jeffery,alshon jeffery,alshon jeffery,WR,00-0029137,JeffAl00,2012.0,2020.0
16,Alvin Kamara,alvin kamara,alvin kamara,RB,00-0033906,KamaAl00,2017.0,2020.0
17,Amari Cooper,amari cooper,amari cooper,WR,00-0031544,CoopAm00,2015.0,2020.0
18,Andy Dalton,andy dalton,andy dalton,QB,00-0027973,DaltAn00,2011.0,2020.0
19,Andy Isabella,andy isabella,andy isabella,WR,00-0035527,IsabAn00,2019.0,2020.0
20,Anthony Firkser,anthony firkser,anthony firkser,TE,00-0033455,FirkAn00,2018.0,2020.0
21,Anthony McFarland,anthony mcfarland,anthony mcfarland,RB,00-0036336,McFaAn00,2020.0,2020.0
22,Anthony Miller,anthony miller,anthony miller,WR,00-0034353,MillAn02,2018.0,2020.0
23,Antonio Brown,antonio brown,antonio brown,WR,00-0027793,BrowAn04,2010.0,2020.0
24,Antonio Gandy-Golden,antonio gandy-golden,antonio gandy-golden,WR,00-0036340,GandAn00,2020.0,2020.0
25,Antonio Gibson,antonio gibson,antonio gibson,RB,00-0036328,GibsAn00,2020.0,2020.0
26,Auden Tate,auden tate,auden tate,WR,00-0034686,TateAu00,2018.0,2020.0
27,Austin Ekeler,austin ekeler,austin ekeler,RB,00-0033699,EkelAu00,2017.0,2020.0
28,Austin Hooper,austin hooper,austin hooper,TE,00-0032392,HoopAu00,2016.0,2020.0
29,Baker Mayfield,baker mayfield,baker mayfield,QB,00-0034855,MayfBa00,2018.0,2020.0
30,Ben Roethlisberger,ben roethlisberger,ben roethlisberger,QB,00-0022924,RoetBe00,2004.0,2020.0
31,Benny Snell,benny snell,benny snell,RB,00-0035217,SnelBe00,2019.0,2020.0
32,Blake Jarwin,blake jarwin,blake jarwin,TE,00-0033658,JarwBl00,2017.0,2020.0
33,Bo Scarbrough,bo scarbrough,bo scarbrough,RB,00-0034432,ScarBo01,2018.0,2020.0
34,Boston Scott,boston scott,boston scott,RB,00-0034414,ScotBo02,2018.0,2020.0
35,Brandin Cooks,brandin cooks,brandin cooks,WR,00-0031236,CookBr00,2014.0,2020.0
36,Brandon Aiyuk,brandon aiyuk,brandon aiyuk,WR,00-0036261,AiyuBr00,2020.0,2020.0
37,Breshad Perriman,breshad perriman,breshad perriman,WR,00-0032054,PerrBr02,2015.0,2020.0
38,Brian Hill,brian hill,brian hill,RB,00-0033567,HillBr02,2017.0,2020.0
39,Bryan Edwards,bryan edwards,bryan edwards,WR,00-0036365,EdwaBr01,2020.0,2020.0
40,Bryce Love,bryce love,bryce love,RB,00-0035256,LoveBr00,2019.0,2020.0
41,Byron Pringle,byron pringle,byron pringle,WR,00-0034297,PrinBy00,2018.0,2020.0
42,C.J. Uzomah,cj uzomah,cj uzomah,TE,00-0032134,UzomC.00,2015.0,2020.0
43,Calvin Ridley,calvin ridley,calvin ridley,WR,00-0034837,RidlCa00,2018.0,2020.0
44,Cam Akers,cam akers,cam akers,RB,00-0036414,AkerCa00,2020.0,2020.0
45,Cam Newton,cam newton,cam newton,QB,00-0027939,NewtCa00,2011.0,2020.0
46,Cameron Brate,cameron brate,cameron brate,TE,00-0031273,BratCa00,2014.0,2020.0
47,Carlos Hyde,carlos hyde,carlos hyde,RB,00-0031045,HydeCa00,2014.0,2020.0
48,Carson Wentz,carson wentz,carson wentz,QB,00-0032950,WentCa00,2016.0,2020.0
49,Case Keenum,case keenum,case keenum,QB,00-0028986,,2012.0,2020.0
50,CeeDee Lamb,ceedee lamb,ceedee lamb,WR,00-0036358,LambCe00,2020.0,2020.0
51,Chase Claypool,chase claypool,chase claypool,WR,00-0036326,ClayCh01,2020.0,2020.0
52,Chase Edmonds,chase edmonds,chase edmonds,RB,00-0034681,EdmoCh00,2018.0,2020.0
53,Chris Carson,chris carson,chris carson,RB,00-0033594,CarsCh00,2017.0,2020.0
54,Chris Conley,chris conley,chris conley,WR,00-0032128,ConlCh00,2015.0,2020.0
55,Chris Godwin,chris godwin,chris godwin,WR,00-0033921,GodwCh00,2017.0,2020.0
56,Chris Thompson,chris thompson,chris thompson,WR,00-0033855,ThomCh05,2017.0,2020.0
57,Christian Kirk,christian kirk,christian kirk,WR,00-0034775,KirkCh01,2018.0,2020.0
58,Christian McCaffrey,christian mccaffrey,christian mccaffrey,RB,00-0033280,McCaCh01,2017.0,2020.0
59,Christopher Herndon,christopher herndon,christopher herndon,TE,00-0034766,HernCh00,2018.0,2020.0
60,Clyde Edwards-Helaire,clyde edwards-helaire,clyde edwards-helaire,RB,00-0036360,EdwaCl00,2020.0,2020.0
61,Cody Latimer,cody latimer,cody latimer,WR,00-0031344,LatiCo00,2014.0,2020.0
62,Cole Beasley,cole beasley,cole beasley,WR,00-0029000,BeasCo00,2012.0,2020.0
63,Cole Kmet,cole kmet,cole kmet,TE,00-0036290,KmetCo00,2020.0,2020.0
64,Collin Johnson,collin johnson,collin johnson,WR,00-0036254,JohnCo01,2020.0,2020.0
65,Cooper Kupp,cooper kupp,cooper kupp,WR,00-0033908,KuppCo00,2017.0,2020.0
66,Cordarrelle Patterson,cordarrelle patterson,cordarrelle patterson,RB,00-0030578,PattCo00,2013.0,2020.0
67,Corey Clement,corey clement,corey clement,RB,00-0033725,ClemCo00,2017.0,2020.0
68,Corey Davis,corey davis,corey davis,WR,00-0033871,DaviCo03,2017.0,2020.0
69,Courtland Sutton,courtland sutton,courtland sutton,WR,00-0034348,SuttCo00,2018.0,2020.0
70,Curtis Samuel,curtis samuel,curtis samuel,WR,00-0033282,SamuCu00,2017.0,2020.0
71,D.J. Chark,dj chark,dj chark,WR,00-0034777,CharDJ00,2018.0,2020.0
72,D.J. Moore,dj moore,dj moore,WR,00-0034827,MoorD.00,2018.0,2020.0
73,D'Andre Swift,dandre swift,dandre swift,RB,00-0036275,SwifDA00,2020.0,2020.0
74,DaeSean Hamilton,daesean hamilton,daesean hamilton,WR,00-0034370,HamiDa01,2018.0,2020.0
75,Dak Prescott,dak prescott,dak prescott,QB,00-0033077,PresDa01,2016.0,2020.0
76,Dallas Goedert,dallas goedert,dallas goedert,TE,00-0034351,GoedDa00,2018.0,2020.0
77,Dalton Keene,dalton keene,dalton keene,TE,00-0036225,KeenDa00,2020.0,2020.0
78,Dalvin Cook,dalvin cook,dalvin cook,RB,00-0033893,CookDa01,2017.0,2020.0
79,Damien Harris,damien harris,damien harris,RB,00-0035657,HarrDa06,2019.0,2020.0
80,Damien Williams,damien williams,damien williams,RB,00-0030874,WillDa05,2014.0,2020.0
81,Damiere Byrd,damiere byrd,damiere byrd,WR,00-0031868,ByrdDa00,2015.0,2020.0
82,Dan Arnold,dan arnold,dan arnold,TE,00-0034011,ArnoDa00,2017.0,2020.0
83,Daniel Jones,daniel jones,daniel jones,QB,00-0035710,JoneDa05,2019.0,2020.0
84,Danny Amendola,danny amendola,danny amendola,WR,00-0026035,AmenDa00,2008.0,2020.0
85,Dante Pettis,dante pettis,dante pettis,WR,00-0034860,PettDa00,2018.0,2020.0
86,Dare Ogunbowale,dare ogunbowale,dare ogunbowale,RB,00-0033854,OgunDa00,2017.0,2020.0
87,Darius Slayton,darius slayton,darius slayton,WR,00-0035535,SlayDa01,2019.0,2020.0
88,Darrel Williams,darrel williams,darrel williams,RB,00-0034301,WillDa10,2018.0,2020.0
89,Darrell Henderson,darrell henderson,darrell henderson,RB,00-0035664,HendDa00,2019.0,2020.0
90,Darren Fells,darren fells,darren fells,TE,00-0029738,FellDa01,2012.0,2020.0
91,Darren Waller,darren waller,darren waller,TE,00-0031610,WallDa01,2015.0,2020.0
92,Darrynton Evans,darrynton evans,darrynton evans,RB,00-0036297,EvanDa02,2020.0,2020.0
93,Darwin Thompson,darwin thompson,darwin thompson,RB,00-0035148,ThomDa06,2019.0,2020.0
94,Davante Adams,davante adams,davante adams,WR,00-0031381,AdamDa01,2014.0,2020.0
95,David Johnson,david johnson,david johnson,RB,00-0032187,JohnDa08,2015.0,2020.0
96,David Montgomery,david montgomery,david montgomery,RB,00-0035685,MontDa01,2019.0,2020.0
97,David Moore,david moore,david moore,WR,00-0033589,MoorDa03,2017.0,2020.0
98,David Njoku,david njoku,david njoku,TE,00-0033885,NjokDa00,2017.0,2020.0
99,Dawson Knox,dawson knox,dawson knox,TE,00-0035689,KnoxDa00,2019.0,2020.0
100,DeAndre Hopkins,deandre hopkins,deandre hopkins,WR,00-0030564,HopkDe00,2013.0,2020.0
101,DeAndre Washington,deandre washington,deandre washington,RB,00-0032940,WashDe00,2016.0,2020.0
102,Dede Westbrook,dede westbrook,dede westbrook,WR,00-0033839,WestDe00,2017.0,2020.0
103,Deebo Samuel,deebo samuel,deebo samuel,WR,00-0035719,SamuDe00,2019.0,2020.0
104,DeeJay Dallas,deejay dallas,deejay dallas,RB,00-0036425,DallDe00,2020.0,2020.0
105,Delanie Walker,delanie walker,delanie walker,TE,00-0024389,WalkHu00,2006.0,2020.0
106,Demarcus Robinson,demarcus robinson,demarcus robinson,WR,00-0032775,RobiDe01,2016.0,2020.0
107,Denzel Mims,denzel mims,denzel mims,WR,00-0036255,MimsDe00,2020.0,2020.0
108,Derek Carr,derek carr,derek carr,QB,00-0031280,CarrDe02,2014.0,2020.0
109,Derrick Henry,derrick henry,derrick henry,RB,00-0032764,HenrDe00,2016.0,2020.0
110,Derrius Guice,derrius guice,derrius guice,RB,00-0034358,GuicDe00,2018.0,2020.0
111,DeSean Jackson,desean jackson,desean jackson,WR,00-0026189,JackDe00,2008.0,2020.0
112,Deshaun Watson,deshaun watson,deshaun watson,QB,00-0033537,WatsDe00,2017.0,2020.0
113,DeVante Parker,devante parker,devante parker,WR,00-0031547,ParkDe01,2015.0,2020.0
114,Devin Asiasi,devin asiasi,devin asiasi,TE,00-0036194,AsiaDe00,2020.0,2020.0
115,Devin Duvernay,devin duvernay,devin duvernay,WR,00-0036331,DuveDe00,2020.0,2020.0
116,Devin Funchess,devin funchess,devin funchess,TE,00-0032055,FuncDe00,2015.0,2020.0
117,Devin Singletary,devin singletary,devin singletary,RB,00-0035250,SingDe00,2019.0,2020.0
118,Devine Ozigbo,devine ozigbo,devine ozigbo,RB,00-0035184,OzigDe01,2019.0,2020.0
119,Devonta Freeman,devonta freeman,devonta freeman,RB,00-0031285,FreeDe00,2014.0,2020.0
120,Devontae Booker,devontae booker,devontae booker,RB,00-0032972,BookDe00,2016.0,2020.0
121,Dion Lewis,dion lewis,dion lewis,RB,00-0028087,LewiDi00,2011.0,2020.0
122,Diontae Johnson,diontae johnson,diontae johnson,WR,00-0035216,JohnDi01,2019.0,2020.0
123,DK Metcalf,dk metcalf,dk metcalf,WR,00-0035640,MetcDK00,2019.0,2020.0
124,Donovan Peoples-Jones,donovan peoples-jones,donovan peoples-jones,WR,00-0036233,PeopDo00,2020.0,2020.0
125,Dontrelle Inman,dontrelle inman,dontrelle inman,WR,00-0028411,InmaDo00,2013.0,2020.0
126,Drew Brees,drew brees,drew brees,QB,00-0020531,BreeDr00,2001.0,2020.0
127,Drew Lock,drew lock,drew lock,QB,00-0035704,LockDr00,2019.0,2020.0
128,Drew Sample,drew sample,drew sample,TE,00-0035631,SampDr00,2019.0,2020.0
129,Duke Johnson,duke johnson,duke johnson,RB,00-0032257,JohnDu00,2015.0,2020.0
130,Dwayne Haskins,dwayne haskins,dwayne haskins,QB,00-0035232,HaskDw00,2019.0,2020.0
131,Dwayne Washington,dwayne washington,dwayne washington,RB,00-0032450,WashDw00,2016.0,2020.0
132,Emmanuel Sanders,emmanuel sanders,emmanuel sanders,WR,00-0027685,SandEm00,2010.0,2020.0
133,Eno Benjamin,eno benjamin,eno benjamin,RB,00-0036383,BenjEn00,2020.0,2020.0
134,Equanimeous St. Brown,equanimeous st brown,equanimeous st brown,WR,00-0034279,St.BEq00,2018.0,2020.0
135,Eric Ebron,eric ebron,eric ebron,TE,00-0031387,EbroEr00,2014.0,2020.0
136,Evan Engram,evan engram,evan engram,TE,00-0033881,EngrEv00,2017.0,2020.0
137,Ezekiel Elliott,ezekiel elliott,ezekiel elliott,RB,00-0033045,ElliEz00,2016.0,2020.0
138,Foster Moreau,foster moreau,foster moreau,TE,00-0034981,MoreFo00,2019.0,2020.0
139,Frank Gore,frank gore,frank gore,RB,00-0023500,GoreFr00,2005.0,2020.0
140,Gardner Minshew,gardner minshew,gardner minshew,QB,00-0035289,MinsGa00,2019.0,2020.0
141,George Kittle,george kittle,george kittle,TE,00-0033288,KittGe00,2017.0,2020.0
142,Gerald Everett,gerald everett,gerald everett,TE,00-0033895,EverGe00,2017.0,2020.0
143,Giovani Bernard,giovani bernard,giovani bernard,RB,00-0030456,BernGi00,2013.0,2020.0
144,Golden Tate,golden tate,golden tate,WR,00-0027891,TateGo00,2010.0,2020.0
145,Greg Olsen,greg olsen,greg olsen,TE,00-0025418,OlseGr00,2007.0,2020.0
146,Greg Ward,greg ward,greg ward,WR,00-0033733,WardGr02,2017.0,2020.0
147,Gunner Olszewski,gunner olszewski,gunner olszewski,WR,00-0035645,OlszGu00,2019.0,2020.0
148,Gus Edwards,gus edwards,gus edwards,RB,00-0034184,EdwaGu00,2018.0,2020.0
149,Hakeem Butler,hakeem butler,hakeem butler,WR,00-0035529,ButlHa00,2019.0,2020.0
150,Harrison Bryant,harrison bryant,harrison bryant,TE,00-0036232,BryaHa00,2020.0,2020.0
151,Hayden Hurst,hayden hurst,hayden hurst,TE,00-0034830,HursHa00,2018.0,2020.0
152,Henry Ruggs,henry ruggs,henry ruggs,WR,00-0036357,RuggHe00,2020.0,2020.0
153,Hunter Henry,hunter henry,hunter henry,TE,00-0033090,HenrHu00,2016.0,2020.0
154,Hunter Renfrow,hunter renfrow,hunter renfrow,WR,00-0034983,RenfHu00,2019.0,2020.0
155,Ian Thomas,ian thomas,ian thomas,TE,00-0034365,ThomIa00,2018.0,2020.0
156,Irv Smith,irv smith,irv smith,TE,00-0034970,SmitIr01,2019.0,2020.0
157,Isaiah Coulter,isaiah coulter,isaiah coulter,WR,00-0036308,CoulIs00,2020.0,2020.0
158,Isaiah Ford,isaiah ford,isaiah ford,WR,00-0033471,FordIs00,2017.0,2020.0
159,Isaiah McKenzie,isaiah mckenzie,isaiah mckenzie,WR,00-0033466,McKeIs00,2017.0,2020.0
160,Ito Smith,ito smith,ito smith,RB,00-0034378,SmitIt00,2018.0,2020.0
161,J.D. McKissic,jd mckissic,jd mckissic,RB,00-0032602,McKiJ.00,2016.0,2020.0
162,J.J. Arcega-Whiteside,jj arcega-whiteside,jj arcega-whiteside,TE,00-0035246,ArceJJ00,2019.0,2020.0
163,J.J. Taylor,jj taylor,jj taylor,RB,00-0036096,TaylJJ01,2020.0,2020.0
164,J.K. Dobbins,jk dobbins,jk dobbins,RB,00-0036158,DobbJK00,2020.0,2020.0
165,Jace Sternberger,jace sternberger,jace sternberger,TE,00-0035671,SterJa00,2019.0,2020.0
166,Jack Doyle,jack doyle,jack doyle,TE,00-0030181,DoylJa00,2013.0,2020.0
167,Jacob Eason,jacob eason,jacob eason,QB,00-0036226,EasoJa00,2020.0,2020.0
168,Jacob Hollister,jacob hollister,jacob hollister,TE,00-0033387,HollJa03,2017.0,2020.0
169,Jake Kumerow,jake kumerow,jake kumerow,WR,00-0031787,KumeJa00,2017.0,2020.0
170,Jakeem Grant,jakeem grant,jakeem grant,WR,00-0032791,GranJa00,2016.0,2020.0
171,Jakobi Meyers,jakobi meyers,jakobi meyers,WR,00-0034960,MeyeJa01,2019.0,2020.0
172,Jalen Guyton,jalen guyton,jalen guyton,WR,00-0035414,GuytJa01,2019.0,2020.0
173,Jalen Hurd,jalen hurd,jalen hurd,WR,00-0034971,HurdJa00,2019.0,2020.0
174,Jalen Hurts,jalen hurts,jalen hurts,QB,00-0036389,HurtJa00,2020.0,2020.0
175,Jalen Reagor,jalen reagor,jalen reagor,WR,00-0036387,ReagJa00,2020.0,2020.0
176,Jalen Richard,jalen richard,jalen richard,RB,00-0033025,RichJa01,2016.0,2020.0
177,Jamaal Williams,jamaal williams,jamaal williams,RB,00-0033948,WillJa06,2017.0,2020.0
178,Jameis Winston,jameis winston,jameis winston,QB,00-0031503,WinsJa00,2015.0,2020.0
179,James Conner,james conner,james conner,RB,00-0033553,ConnJa00,2017.0,2020.0
180,James O'Shaughnessy,james oshaughnessy,james oshaughnessy,TE,00-0031951,O'ShJa00,2015.0,2020.0
181,James Washington,james washington,james washington,WR,00-0034676,WashJa00,2018.0,2020.0
182,James White,james white,james white,RB,00-0031062,WhitJa02,2014.0,2020.0
183,Jamison Crowder,jamison crowder,jamison crowder,WR,00-0031941,CrowJa00,2015.0,2020.0
184,Jared Cook,jared cook,jared cook,TE,00-0027061,CookJa02,2009.0,2020.0
185,Jared Goff,jared goff,jared goff,QB,00-0033106,GoffJa00,2016.0,2020.0
186,Jarrett Stidham,jarrett stidham,jarrett stidham,QB,00-0035264,StidJa00,2019.0,2020.0
187,Jarvis Landry,jarvis landry,jarvis landry,WR,00-0031382,LandJa00,2014.0,2020.0
188,Jason Witten,jason witten,jason witten,TE,00-0022127,WittJa00,2003.0,2020.0
189,Jaylen Samuels,jaylen samuels,jaylen samuels,RB,00-0034331,SamuJa00,2018.0,2020.0
190,Jeffery Wilson,jeffery wilson,jeffery wilson,RB,00-0034115,WilsJe01,2018.0,2020.0
191,Jeremy Sprinkle,jeremy sprinkle,jeremy sprinkle,TE,00-0033528,SpriJe00,2017.0,2020.0
192,Jerick McKinnon,jerick mckinnon,jerick mckinnon,RB,00-0031376,McKiJe00,2014.0,2020.0
193,Jerry Jeudy,jerry jeudy,jerry jeudy,WR,00-0036407,JeudJe00,2020.0,2020.0
194,Jimmy Garoppolo,jimmy garoppolo,jimmy garoppolo,QB,00-0031345,GaroJi00,2014.0,2020.0
195,Jimmy Graham,jimmy graham,jimmy graham,TE,00-0027696,GrahJi00,2010.0,2020.0
196,Joe Burrow,joe burrow,joe burrow,QB,00-0036442,BurrJo01,2020.0,2020.0
197,Joe Mixon,joe mixon,joe mixon,RB,00-0033897,MixoJo00,2017.0,2020.0
198,Joe Reed,joe reed,joe reed,WR,00-0036377,ReedJo03,2020.0,2020.0
199,John Brown,john brown,john brown,WR,00-0031051,BrowJo02,2014.0,2020.0
200,John Hightower,john hightower,john hightower,WR,00-0036398,HighJo00,2020.0,2020.0
201,John Kelly,john kelly,john kelly,RB,00-0034808,KellJo00,2018.0,2020.0
202,John Ross,john ross,john ross,WR,00-0033460,RossJo00,2017.0,2020.0
203,John Ursua,john ursua,john ursua,WR,00-0035597,UrsuJo00,2019.0,2020.0
204,Jonathan Taylor,jonathan taylor,jonathan taylor,RB,00-0036223,TaylJo02,2020.0,2020.0
205,Jonathan Williams,jonathan williams,jonathan williams,RB,00-0032975,WillJo07,2016.0,2020.0
206,Jonnu Smith,jonnu smith,jonnu smith,TE,00-0033858,SmitJo01,2017.0,2020.0
207,Jordan Akins,jordan akins,jordan akins,TE,00-0034364,AkinJo00,2018.0,2020.0
208,Jordan Howard,jordan howard,jordan howard,RB,00-0032780,HowaJo00,2016.0,2020.0
209,Jordan Love,jordan love,jordan love,QB,00-0036264,LoveJo03,2020.0,2020.0
210,Jordan Reed,jordan reed,jordan reed,TE,00-0030472,ReedJo02,2013.0,2020.0
211,Jordan Thomas,jordan thomas,jordan thomas,TE,00-0034420,ThomJo05,2018.0,2020.0
212,Josh Allen,josh allen,josh allen,QB,00-0034857,AlleJo02,2018.0,2020.0
213,Josh Gordon,josh gordon,josh gordon,WR,00-0029664,,2012.0,2020.0
214,Josh Hill,josh hill,josh hill,TE,00-0030216,HillJo02,2013.0,2020.0
215,Josh Jacobs,josh jacobs,josh jacobs,RB,00-0035700,JacoJo01,2019.0,2020.0
216,Josh Oliver,josh oliver,josh oliver,TE,00-0035249,OlivJo00,2019.0,2020.0
217,Josh Reynolds,josh reynolds,josh reynolds,WR,00-0033943,ReynJo00,2017.0,2020.0
218,Joshua Kelley,joshua kelley,joshua kelley,RB,00-0036370,KellJo01,2020.0,2020.0
219,Josiah Deguara,josiah deguara,josiah deguara,TE,00-0036332,DeguJo00,2020.0,2020.0
220,JuJu Smith-Schuster,juju smith-schuster,juju smith-schuster,WR,00-0033857,SmitJu00,2017.0,2020.0
221,Julian Edelman,julian edelman,julian edelman,WR,00-0027150,EdelJu00,2009.0,2020.0
222,Julio Jones,julio jones,julio jones,WR,00-0027944,JoneJu02,2011.0,2020.0
223,Justice Hill,justice hill,justice hill,RB,00-0034975,HillJu00,2019.0,2020.0
224,Justin Herbert,justin herbert,justin herbert,QB,00-0036355,HerbJu00,2020.0,2020.0
225,Justin Jackson,justin jackson,justin jackson,RB,00-0034440,JackJu01,2018.0,2020.0
226,Justin Jefferson,justin jefferson,justin jefferson,WR,00-0036322,JeffJu00,2020.0,2020.0
227,Justin Watson,justin watson,justin watson,WR,00-0034386,WatsJu01,2018.0,2020.0
228,K.J. Hamler,kj hamler,kj hamler,WR,00-0036412,HamlKJ00,2020.0,2020.0
229,K.J. Hill,kj hill,kj hill,WR,00-0036382,HillKJ00,2020.0,2020.0
230,Kaden Smith,kaden smith,kaden smith,TE,00-0034988,SmitKa00,2019.0,2020.0
231,Kahale Warring,kahale warring,kahale warring,TE,00-0035660,WarrKa00,2019.0,2020.0
232,Kalen Ballage,kalen ballage,kalen ballage,RB,00-0034799,BallKa00,2018.0,2020.0
233,Kalif Raymond,kalif raymond,kalif raymond,WR,00-0032464,RaymKa00,2016.0,2020.0
234,Kareem Hunt,kareem hunt,kareem hunt,RB,00-0033923,HuntKa00,2017.0,2020.0
235,Ke'Shawn Vaughn,keshawn vaughn,keshawn vaughn,RB,00-0036450,VaugKe00,2020.0,2020.0
236,Keelan Cole,keelan cole,keelan cole,WR,00-0033681,ColeKe00,2017.0,2020.0
237,Keenan Allen,keenan allen,keenan allen,WR,00-0030279,AlleKe00,2013.0,2020.0
238,KeeSean Johnson,keesean johnson,keesean johnson,WR,00-0035287,JohnKe07,2019.0,2020.0
239,Keke Coutee,keke coutee,keke coutee,WR,00-0034366,CoutKe00,2018.0,2020.0
240,Kelvin Harmon,kelvin harmon,kelvin harmon,WR,00-0035297,HarmKe00,2019.0,2020.0
241,Kendrick Bourne,kendrick bourne,kendrick bourne,WR,00-0033307,BourKe00,2017.0,2020.0
242,Kenny Golladay,kenny golladay,kenny golladay,WR,00-0033932,GollKe00,2017.0,2020.0
243,Kenny Stills,kenny stills,kenny stills,WR,00-0030085,StilKe00,2013.0,2020.0
244,Kenyan Drake,kenyan drake,kenyan drake,RB,00-0033118,DrakKe00,2016.0,2020.0
245,Kerryon Johnson,kerryon johnson,kerryon johnson,RB,00-0034349,JohnKe06,2018.0,2020.0
246,Khadarel Hodge,khadarel hodge,khadarel hodge,WR,00-0034854,HodgKh00,2018.0,2020.0
247,Kirk Cousins,kirk cousins,kirk cousins,QB,00-0029604,CousKi00,2012.0,2020.0
248,Kyle Juszczyk,kyle juszczyk,kyle juszczyk,RB,00-0029892,JuszKy00,2013.0,2020.0
249,Kyle Rudolph,kyle rudolph,kyle rudolph,TE,00-0027981,RudoKy00,2011.0,2020.0
250,Kyler Murray,kyler murray,kyler murray,QB,00-0035228,MurrKy00,2019.0,2020.0
251,La'Mical Perine,lamical perine,lamical perine,RB,00-0036269,PeriLa00,2020.0,2020.0
252,Lamar Jackson,lamar jackson,lamar jackson,QB,00-0034796,JackLa00,2018.0,2020.0
253,Lamar Miller,lamar miller,lamar miller,RB,00-0029615,MillLa01,2012.0,2020.0
254,Larry Fitzgerald,larry fitzgerald,larry fitzgerald,WR,00-0022921,FitzLa00,2004.0,2020.0
255,Latavius Murray,latavius murray,latavius murray,RB,00-0030513,MurrLa00,2013.0,2020.0
256,Laviska Shenault,laviska shenault,laviska shenault,WR,00-0036268,ShenLa00,2020.0,2020.0
257,Le'Veon Bell,leveon bell,leveon bell,RB,00-0030496,BellLe00,2013.0,2020.0
258,Leonard Fournette,leonard fournette,leonard fournette,RB,00-0033856,FourLe00,2017.0,2020.0
259,LeSean McCoy,lesean mccoy,lesean mccoy,RB,00-0027029,McCoLe01,2009.0,2020.0
260,Logan Thomas,logan thomas,logan thomas,TE,00-0031260,ThomLo00,2014.0,2020.0
261,Lynn Bowden,lynn bowden,lynn bowden,WR,00-0036364,BowdLy00,2020.0,2020.0
262,Malcolm Brown,malcolm brown,malcolm brown,RB,00-0031806,BrowMa03,2015.0,2020.0
263,Malcolm Perry,malcolm perry,malcolm perry,WR,00-0036245,PerrMa00,2020.0,2020.0
264,Marcus Johnson,marcus johnson,marcus johnson,WR,00-0032980,JohnMa07,2016.0,2020.0
265,Marcus Mariota,marcus mariota,marcus mariota,QB,00-0032268,MariMa01,2015.0,2020.0
266,Mark Andrews,mark andrews,mark andrews,TE,00-0034753,AndrMa00,2018.0,2020.0
267,Mark Ingram,mark ingram,mark ingram,RB,00-0027966,IngrMa01,2011.0,2020.0
268,Marlon Mack,marlon mack,marlon mack,RB,00-0033951,MackMa00,2017.0,2020.0
269,Marqise Lee,marqise lee,marqise lee,WR,00-0031431,LeexMa00,2014.0,2020.0
270,Marquez Valdes-Scantling,marquez valdes-scantling,marquez valdes-scantling,WR,00-0034272,ValdMa00,2018.0,2020.0
271,Marquise Brown,marquise brown,marquise brown,WR,00-0035662,BrowMa04,2019.0,2020.0
272,Marquise Goodwin,marquise goodwin,marquise goodwin,WR,00-0030068,GoodMa00,2013.0,2020.0
273,Marvin Hall,marvin hall,marvin hall,WR,00-0033094,HallMa02,2016.0,2020.0
274,Marvin Jones,marvin jones,marvin jones,WR,00-0029293,JoneMa02,2012.0,2020.0
275,Matt Breida,matt breida,matt breida,RB,00-0033308,BreiMa00,2017.0,2020.0
276,Matt LaCosse,matt lacosse,matt lacosse,TE,00-0031744,,2015.0,2020.0
277,Matt Ryan,matt ryan,matt ryan,QB,00-0026143,RyanMa00,2008.0,2020.0
278,Matthew Stafford,matthew stafford,matthew stafford,QB,00-0026498,StafMa00,2009.0,2020.0
279,Maxx Williams,maxx williams,maxx williams,TE,00-0031558,WillMa04,2015.0,2020.0
280,Mecole Hardman,mecole hardman,mecole hardman,WR,00-0035140,HardMe00,2019.0,2020.0
281,Melvin Gordon,melvin gordon,melvin gordon,RB,00-0032144,GordMe00,2015.0,2020.0
282,Michael Gallup,michael gallup,michael gallup,WR,00-0034764,GallMi00,2018.0,2020.0
283,Michael Pittman,michael pittman,michael pittman,WR,00-0036252,PittMi01,2020.0,2020.0
284,Michael Thomas,michael thomas,michael thomas,WR,00-0032765,ThomMi05,2016.0,2020.0
285,Mike Boone,mike boone,mike boone,RB,00-0034208,BoonMi00,2018.0,2020.0
286,Mike Davis,mike davis,mike davis,RB,00-0032063,DaviMi01,2015.0,2020.0
287,Mike Evans,mike evans,mike evans,WR,00-0031408,EvanMi00,2014.0,2020.0
288,Mike Gesicki,mike gesicki,mike gesicki,TE,00-0034829,GesiMi00,2018.0,2020.0
289,Mike Williams,mike williams,mike williams,WR,00-0033536,WillMi07,2017.0,2020.0
290,Miles Boykin,miles boykin,miles boykin,WR,00-0035703,BoykMi00,2019.0,2020.0
291,Miles Sanders,miles sanders,miles sanders,RB,00-0035243,SandMi01,2019.0,2020.0
292,Mitchell Trubisky,mitchell trubisky,mitchell trubisky,QB,00-0033869,TrubMi00,2017.0,2020.0
293,Mo Alie-Cox,mo alie-cox,mo alie-cox,TE,00-0033217,AlieMo00,2017.0,2020.0
294,Mohamed Sanu,mohamed sanu,mohamed sanu,WR,00-0029632,SanuMo00,2012.0,2020.0
295,N'Keal Harry,nkeal harry,nkeal harry,WR,00-0035624,HarrNK00,2019.0,2020.0
296,Nelson Agholor,nelson agholor,nelson agholor,WR,00-0031549,AghoNe00,2015.0,2020.0
297,Nick Boyle,nick boyle,nick boyle,TE,00-0031598,BoylNi00,2015.0,2020.0
298,Nick Chubb,nick chubb,nick chubb,RB,00-0034791,ChubNi00,2018.0,2020.0
299,Nick Foles,nick foles,nick foles,QB,00-0029567,FoleNi00,2012.0,2020.0
300,Nick Mullens,nick mullens,nick mullens,QB,00-0033319,MullNi00,2017.0,2020.0
301,Noah Fant,noah fant,noah fant,TE,00-0035644,FantNo00,2019.0,2020.0
302,Nyheim Hines,nyheim hines,nyheim hines,RB,00-0034367,HineNy00,2018.0,2020.0
303,O.J. Howard,oj howard,oj howard,TE,00-0033879,HowaO.00,2017.0,2020.0
304,Odell Beckham,odell beckham,odell beckham,WR,00-0031235,BeckOd00,2014.0,2020.0
305,Olabisi Johnson,olabisi johnson,olabisi johnson,WR,00-0035006,JohnOl00,2019.0,2020.0
306,Olamide Zaccheaus,olamide zaccheaus,olamide zaccheaus,WR,00-0035208,ZaccOl01,2019.0,2020.0
307,Parris Campbell,parris campbell,parris campbell,WR,00-0035639,CampPa00,2019.0,2020.0
308,Patrick Laird,patrick laird,patrick laird,RB,00-0035342,LairPa00,2019.0,2020.0
309,Patrick Mahomes,patrick mahomes,patrick mahomes,QB,00-0033873,MahoPa00,2017.0,2020.0
310,Paul Richardson,paul richardson,paul richardson,WR,00-0031257,RichPa01,2014.0,2020.0
311,Peyton Barber,peyton barber,peyton barber,RB,00-0032741,BarbPe01,2016.0,2020.0
312,Philip Rivers,philip rivers,philip rivers,QB,00-0022942,RivePh00,2004.0,2020.0
313,Phillip Dorsett,phillip dorsett,phillip dorsett,WR,00-0032208,DorsPh00,2015.0,2020.0
314,Phillip Lindsay,phillip lindsay,phillip lindsay,RB,00-0034109,LindPh00,2018.0,2020.0
315,Phillip Walker,phillip walker,phillip walker,QB,00-0033275,WalkPh00,2017.0,2020.0
316,Preston Williams,preston williams,preston williams,WR,00-0035350,WillPr01,2019.0,2020.0
317,Qadree Ollison,qadree ollison,qadree ollison,RB,00-0035273,OlliQa00,2019.0,2020.0
318,Quintez Cephus,quintez cephus,quintez cephus,WR,00-0036277,CephQu00,2020.0,2020.0
319,Raheem Mostert,raheem mostert,raheem mostert,RB,00-0031687,MostRa00,2015.0,2020.0
320,Randall Cobb,randall cobb,randall cobb,WR,00-0028002,CobbRa00,2011.0,2020.0
321,Rashaad Penny,rashaad penny,rashaad penny,RB,00-0034750,PennRa00,2018.0,2020.0
322,Rashard Higgins,rashard higgins,rashard higgins,WR,00-0032977,HiggRa00,2016.0,2020.0
323,Ray-Ray McCloud,ray-ray mccloud,ray-ray mccloud,WR,00-0034407,McClRa00,2018.0,2020.0
324,Reggie Bonnafon,reggie bonnafon,reggie bonnafon,RB,00-0034578,,2019.0,2020.0
325,Rex Burkhead,rex burkhead,rex burkhead,RB,00-0030288,BurkRe00,2013.0,2020.0
326,Ricky Seals-Jones,ricky seals-jones,ricky seals-jones,TE,00-0033611,SealRi00,2017.0,2020.0
327,Riley Ridley,riley ridley,riley ridley,WR,00-0035590,RidlRi00,2019.0,2020.0
328,Rob Gronkowski,rob gronkowski,rob gronkowski,TE,00-0027656,GronRo00,2010.0,2020.0
329,Robby Anderson,robby anderson,robby anderson,WR,00-0032688,AndeRo04,2016.0,2020.0
330,Robert Foster,robert foster,robert foster,WR,00-0034510,FostRo01,2018.0,2020.0
331,Robert Griffin,robert griffin,robert griffin,QB,00-0029665,GrifRo01,2012.0,2020.0
332,Robert Tonyan,robert tonyan,robert tonyan,TE,00-0033757,TonyRo00,2017.0,2020.0
333,Robert Woods,robert woods,robert woods,WR,00-0030431,WoodRo02,2013.0,2020.0
334,Rodney Anderson,rodney anderson,rodney anderson,RB,00-0035299,AndeRo02,2019.0,2020.0
335,Ronald Jones,ronald jones,ronald jones,RB,00-0034816,JoneRo01,2018.0,2020.0
336,Ross Dwelley,ross dwelley,ross dwelley,TE,00-0034073,DwelRo00,2018.0,2020.0
337,Royce Freeman,royce freeman,royce freeman,RB,00-0034838,FreeRo00,2018.0,2020.0
338,Russell Gage,russell gage,russell gage,WR,00-0034411,GageRu00,2018.0,2020.0
339,Russell Wilson,russell wilson,russell wilson,QB,00-0029263,WilsRu00,2012.0,2020.0
340,Ryan Fitzpatrick,ryan fitzpatrick,ryan fitzpatrick,QB,00-0023682,FitzRy00,2005.0,2020.0
341,Ryan Griffin,ryan griffin,ryan griffin,TE,00-0030108,GrifRy00,2013.0,2020.0
342,Ryan Izzo,ryan izzo,ryan izzo,TE,00-0034270,IzzoRy00,2018.0,2020.0
343,Ryan Nall,ryan nall,ryan nall,RB,00-0034597,,2018.0,2020.0
344,Ryan Tannehill,ryan tannehill,ryan tannehill,QB,00-0029701,TannRy00,2012.0,2020.0
345,Ryquell Armstead,ryquell armstead,ryquell armstead,RB,00-0035268,ArmsRy00,2019.0,2020.0
346,Sam Darnold,sam darnold,sam darnold,QB,00-0034869,DarnSa00,2018.0,2020.0
347,Sammy Watkins,sammy watkins,sammy watkins,WR,00-0031325,WatkSa00,2014.0,2020.0
348,Saquon Barkley,saquon barkley,saquon barkley,RB,00-0034844,BarkSa00,2018.0,2020.0
349,Scott Miller,scott miller,scott miller,WR,00-0035298,MillSc01,2019.0,2020.0
350,Seth Roberts,seth roberts,seth roberts,WR,00-0031166,,2014.0,2020.0
351,Shelton Gibson,shelton gibson,shelton gibson,WR,00-0033573,GibsSh00,2017.0,2020.0
352,Sony Michel,sony michel,sony michel,RB,00-0034845,MichSo00,2018.0,2020.0
353,Stefon Diggs,stefon diggs,stefon diggs,WR,00-0031588,DiggSt00,2015.0,2020.0
354,Sterling Shepard,sterling shepard,sterling shepard,WR,00-0032385,ShepSt00,2016.0,2020.0
355,Steven Sims,steven sims,steven sims,WR,00-0034928,SimsSt00,2019.0,2020.0
356,T.J. Hockenson,tj hockenson,tj hockenson,TE,00-0035229,HockTJ00,2019.0,2020.0
357,T.Y. Hilton,ty hilton,ty hilton,WR,00-0029608,HiltT.00,2012.0,2020.0
358,Tajae Sharpe,tajae sharpe,tajae sharpe,WR,00-0032778,SharTa00,2016.0,2020.0
359,Tarik Cohen,tarik cohen,tarik cohen,RB,00-0033556,CoheTa00,2017.0,2020.0
360,Taysom Hill,taysom hill,taysom hill,QB,00-0033357,HillTa00,2017.0,2020.0
361,Ted Ginn,ted ginn,ted ginn,WR,00-0025396,GinnTe00,2007.0,2020.0
362,Teddy Bridgewater,teddy bridgewater,teddy bridgewater,QB,00-0031237,BridTe00,2014.0,2020.0
363,Tee Higgins,tee higgins,tee higgins,WR,00-0036410,HiggTe00,2020.0,2020.0
364,Terry McLaurin,terry mclaurin,terry mclaurin,WR,00-0035659,McLaTe00,2019.0,2020.0
365,Tevin Coleman,tevin coleman,tevin coleman,RB,00-0032058,ColeTe01,2015.0,2020.0
366,Thaddeus Moss,thaddeus moss,thaddeus moss,TE,00-0036023,,2020.0,2020.0
367,Tim Patrick,tim patrick,tim patrick,WR,00-0033375,PatrTi00,2017.0,2020.0
368,Todd Gurley,todd gurley,todd gurley,RB,00-0032241,GurlTo01,2015.0,2020.0
369,Tom Brady,tom brady,tom brady,QB,00-0019596,BradTo00,2000.0,2020.0
370,Tony Pollard,tony pollard,tony pollard,RB,00-0035261,PollTo00,2019.0,2020.0
371,Travis Homer,travis homer,travis homer,RB,00-0035594,HomeTr00,2019.0,2020.0
372,Travis Kelce,travis kelce,travis kelce,TE,00-0030506,KelcTr00,2013.0,2020.0
373,Trayveon Williams,trayveon williams,trayveon williams,RB,00-0035291,WillTr06,2019.0,2020.0
374,Tre'Quan Smith,trequan smith,trequan smith,WR,00-0034765,SmitTr03,2018.0,2020.0
375,Trent Taylor,trent taylor,trent taylor,WR,00-0033292,TaylTr02,2017.0,2020.0
376,Trey Burton,trey burton,trey burton,TE,00-0030710,BurtTr01,2014.0,2020.0
377,Tua Tagovailoa,tua tagovailoa,tua tagovailoa,QB,00-0036212,TagoTu00,2020.0,2020.0
378,Ty Montgomery,ty montgomery,ty montgomery,RB,00-0032200,MontTy01,2015.0,2020.0
379,Tyler Boyd,tyler boyd,tyler boyd,WR,00-0033009,BoydTy00,2016.0,2020.0
380,Tyler Eifert,tyler eifert,tyler eifert,TE,00-0030549,EifeTy00,2013.0,2020.0
381,Tyler Higbee,tyler higbee,tyler higbee,TE,00-0033110,HigbTy00,2016.0,2020.0
382,Tyler Johnson,tyler johnson,tyler johnson,WR,00-0036427,JohnTy00,2020.0,2020.0
383,Tyler Kroft,tyler kroft,tyler kroft,TE,00-0032214,KrofTy00,2015.0,2020.0
384,Tyler Lockett,tyler lockett,tyler lockett,WR,00-0032211,LockTy00,2015.0,2020.0
385,Tyreek Hill,tyreek hill,tyreek hill,WR,00-0033040,HillTy00,2016.0,2020.0
386,Tyrell Williams,tyrell williams,tyrell williams,WR,00-0032160,WillTy00,2015.0,2020.0
387,Tyrod Taylor,tyrod taylor,tyrod taylor,QB,00-0028118,TaylTy00,2011.0,2020.0
388,Van Jefferson,van jefferson,van jefferson,WR,00-0036415,JeffVa00,2020.0,2020.0
389,Vance McDonald,vance mcdonald,vance mcdonald,TE,00-0030470,McDoVa00,2013.0,2020.0
390,Wayne Gallman,wayne gallman,wayne gallman,RB,00-0033950,GallWa00,2017.0,2020.0
391,Will Dissly,will dissly,will dissly,TE,00-0034159,DissWi00,2018.0,2020.0
392,Will Fuller,will fuller,will fuller,WR,00-0033127,FullWi01,2016.0,2020.0
393,Willie Snead,willie snead,willie snead,WR,00-0030663,SneaWi00,2014.0,2020.0
394,Zach Ertz,zach ertz,zach ertz,TE,00-0030061,ErtzZa00,2013.0,2020.0
395,Zach Pascal,zach pascal,zach pascal,WR,00-0033251,PascZa00,2017.0,2020.0
396,Zack Moss,zack moss,zack moss,RB,00-0036251,MossZa00,2020.0,2020.0
397,Jalen Reagor,jalen reagor,jalen reagor,WR,00-0036387,ReagJa00,2020.0,2021.0
398,Marquez Callaway,marquez callaway,marquez callaway,WR,00-0036219,CallMa01,2020.0,2021.0
399,Amari Cooper,amari cooper,amari cooper,WR,00-0031544,CoopAm00,2015.0,2021.0
400,Rhamondre Stevenson,rhamondre stevenson,rhamondre stevenson,RB,00-0036875,StevRh00,2021.0,2021.0
401,Darrynton Evans,darrynton evans,darrynton evans,RB,00-0036297,EvanDa02,2020.0,2021.0
402,Lamar Jackson,lamar jackson,lamar jackson,QB,00-0034796,JackLa00,2018.0,2021.0
403,Gabriel Davis,gabriel davis,gabriel davis,WR,00-0036196,DaviGa01,2020.0,2021.0
404,Jonnu Smith,jonnu smith,jonnu smith,TE,00-0033858,SmitJo01,2017.0,2021.0
405,Chris Godwin,chris godwin,chris godwin,WR,00-0033921,GodwCh00,2017.0,2021.0
406,Laviska Shenault,laviska shenault,laviska shenault,WR,00-0036268,ShenLa00,2020.0,2021.0
407,Elijah Moore,elijah moore,elijah moore,WR,00-0036980,MoorEl00,2021.0,2021.0
408,Malcolm Brown,malcolm brown,malcolm brown,RB,00-0031806,BrowMa03,2015.0,2021.0
409,Darnell Mooney,darnell mooney,darnell mooney,WR,00-0036309,MoonDa00,2020.0,2021.0
410,Jamison Crowder,jamison crowder,jamison crowder,WR,00-0031941,CrowJa00,2015.0,2021.0
411,Marquez Valdes-Scantling,marquez valdes-scantling,marquez valdes-scantling,WR,00-0034272,ValdMa00,2018.0,2021.0
412,J.K. Dobbins,jk dobbins,jk dobbins,RB,00-0036158,DobbJK00,2020.0,2021.0
413,Jamaal Williams,jamaal williams,jamaal williams,RB,00-0033948,WillJa06,2017.0,2021.0
414,Chase Edmonds,chase edmonds,chase edmonds,RB,00-0034681,EdmoCh00,2018.0,2021.0
415,Josh Jacobs,josh jacobs,josh jacobs,RB,00-0035700,JacoJo01,2019.0,2021.0
416,James White,james white,james white,RB,00-0031062,WhitJa02,2014.0,2021.0
417,Eric Ebron,eric ebron,eric ebron,TE,00-0031387,EbroEr00,2014.0,2021.0
418,Sam Darnold,sam darnold,sam darnold,QB,00-0034869,DarnSa00,2018.0,2021.0
419,DeVante Parker,devante parker,devante parker,WR,00-0031547,ParkDe01,2015.0,2021.0
420,JuJu Smith-Schuster,juju smith-schuster,juju smith-schuster,WR,00-0033857,SmitJu00,2017.0,2021.0
421,Devontae Booker,devontae booker,devontae booker,RB,00-0032972,BookDe00,2016.0,2021.0
422,Adam Thielen,adam thielen,adam thielen,WR,00-0030035,ThieAd00,2014.0,2021.0
423,Emmanuel Sanders,emmanuel sanders,emmanuel sanders,WR,00-0027685,SandEm00,2010.0,2021.0
424,Trevor Lawrence,trevor lawrence,trevor lawrence,QB,00-0036971,LawrTr00,2021.0,2021.0
425,Tua Tagovailoa,tua tagovailoa,tua tagovailoa,QB,00-0036212,TagoTu00,2020.0,2021.0
426,Blake Jarwin,blake jarwin,blake jarwin,TE,00-0033658,JarwBl00,2017.0,2021.0
427,Darren Waller,darren waller,darren waller,TE,00-0031610,WallDa01,2015.0,2021.0
428,George Kittle,george kittle,george kittle,TE,00-0033288,KittGe00,2017.0,2021.0
429,Melvin Gordon,melvin gordon,melvin gordon,RB,00-0032144,GordMe00,2015.0,2021.0
430,Saquon Barkley,saquon barkley,saquon barkley,RB,00-0034844,BarkSa00,2018.0,2021.0
431,D.J. Chark,dj chark,dj chark,WR,00-0034777,CharDJ00,2018.0,2021.0
432,Tony Jones,tony jones,tony jones,RB,00-0035860,JoneTo04,2020.0,2021.0
433,Dallas Goedert,dallas goedert,dallas goedert,TE,00-0034351,GoedDa00,2018.0,2021.0
434,Denzel Mims,denzel mims,denzel mims,WR,00-0036255,MimsDe00,2020.0,2021.0
435,Amon-Ra St. Brown,amon-ra st brown,amon-ra st brown,WR,00-0036963,StxxAm00,2021.0,2021.0
436,J.D. McKissic,jd mckissic,jd mckissic,RB,00-0032602,McKiJ.00,2016.0,2021.0
437,Alvin Kamara,alvin kamara,alvin kamara,RB,00-0033906,KamaAl00,2017.0,2021.0
438,Jared Goff,jared goff,jared goff,QB,00-0033106,GoffJa00,2016.0,2021.0
439,Cole Kmet,cole kmet,cole kmet,TE,00-0036290,KmetCo00,2020.0,2021.0
440,Tee Higgins,tee higgins,tee higgins,WR,00-0036410,HiggTe00,2020.0,2021.0
441,Ty Johnson,ty johnson,ty johnson,RB,00-0035537,JohnTy02,2019.0,2021.0
442,Derek Carr,derek carr,derek carr,QB,00-0031280,CarrDe02,2014.0,2021.0
443,Derrick Henry,derrick henry,derrick henry,RB,00-0032764,HenrDe00,2016.0,2021.0
444,DeVonta Smith,devonta smith,devonta smith,WR,00-0036912,SmitDe07,2021.0,2021.0
445,Aaron Jones,aaron jones,aaron jones,RB,00-0033293,JoneAa00,2017.0,2021.0
446,Michael Pittman,michael pittman,michael pittman,WR,00-0036252,PittMi01,2020.0,2021.0
447,Julio Jones,julio jones,julio jones,WR,00-0027944,JoneJu02,2011.0,2021.0
448,Michael Thomas,michael thomas,michael thomas,WR,00-0032765,ThomMi05,2016.0,2021.0
449,Marquise Brown,marquise brown,marquise brown,WR,00-0035662,BrowMa04,2019.0,2021.0
450,Chris Carson,chris carson,chris carson,RB,00-0033594,CarsCh00,2017.0,2021.0
451,Tyrod Taylor,tyrod taylor,tyrod taylor,QB,00-0028118,TaylTy00,2011.0,2021.0
452,Tre'Quan Smith,trequan smith,trequan smith,WR,00-0034765,SmitTr03,2018.0,2021.0
453,Josh Reynolds,josh reynolds,josh reynolds,WR,00-0033943,ReynJo00,2017.0,2021.0
454,Antonio Gibson,antonio gibson,antonio gibson,RB,00-0036328,GibsAn00,2020.0,2021.0
455,Leonard Fournette,leonard fournette,leonard fournette,RB,00-0033856,FourLe00,2017.0,2021.0
456,Rashaad Penny,rashaad penny,rashaad penny,RB,00-0034750,PennRa00,2018.0,2021.0
457,Mike Davis,mike davis,mike davis,RB,00-0032063,DaviMi01,2015.0,2021.0
458,Rondale Moore,rondale moore,rondale moore,WR,00-0036936,MoorRo02,2021.0,2021.0
459,Kenneth Gainwell,kenneth gainwell,kenneth gainwell,RB,00-0036919,GainKe00,2021.0,2021.0
460,Justin Fields,justin fields,justin fields,QB,00-0036945,FielJu00,2021.0,2021.0
461,Tyler Lockett,tyler lockett,tyler lockett,WR,00-0032211,LockTy00,2015.0,2021.0
462,Zach Wilson,zach wilson,zach wilson,QB,00-0037013,WilsZa00,2021.0,2021.0
463,A.J. Brown,aj brown,aj brown,WR,00-0035676,BrowAJ00,2019.0,2021.0
464,Jarvis Landry,jarvis landry,jarvis landry,WR,00-0031382,LandJa00,2014.0,2021.0
465,Byron Pringle,byron pringle,byron pringle,WR,00-0034297,PrinBy00,2018.0,2021.0
466,Kenyan Drake,kenyan drake,kenyan drake,RB,00-0033118,DrakKe00,2016.0,2021.0
467,Robby Anderson,robby anderson,robby anderson,WR,00-0032688,AndeRo04,2016.0,2021.0
468,Russell Gage,russell gage,russell gage,WR,00-0034411,GageRu00,2018.0,2021.0
469,Rob Gronkowski,rob gronkowski,rob gronkowski,TE,00-0027656,GronRo00,2010.0,2021.0
470,Robert Tonyan,robert tonyan,robert tonyan,TE,00-0033757,TonyRo00,2017.0,2021.0
471,Zack Moss,zack moss,zack moss,RB,00-0036251,MossZa00,2020.0,2021.0
472,Calvin Ridley,calvin ridley,calvin ridley,WR,00-0034837,RidlCa00,2018.0,2021.0
473,Phillip Lindsay,phillip lindsay,phillip lindsay,RB,00-0034109,LindPh00,2018.0,2021.0
474,Nico Collins,nico collins,nico collins,WR,00-0036554,CollNi00,2021.0,2021.0
475,Mike Gesicki,mike gesicki,mike gesicki,TE,00-0034829,GesiMi00,2018.0,2021.0
476,Juwan Johnson,juwan johnson,juwan johnson,WR,00-0036040,JohnJu02,2020.0,2021.0
477,Robert Woods,robert woods,robert woods,WR,00-0030431,WoodRo02,2013.0,2021.0
478,Stefon Diggs,stefon diggs,stefon diggs,WR,00-0031588,DiggSt00,2015.0,2021.0
479,Ryan Tannehill,ryan tannehill,ryan tannehill,QB,00-0029701,TannRy00,2012.0,2021.0
480,Evan Engram,evan engram,evan engram,TE,00-0033881,EngrEv00,2017.0,2021.0
481,James Conner,james conner,james conner,RB,00-0033553,ConnJa00,2017.0,2021.0
482,Allen Robinson,allen robinson,allen robinson,WR,00-0031428,RobiAl02,2014.0,2021.0
483,Tyler Higbee,tyler higbee,tyler higbee,TE,00-0033110,HigbTy00,2016.0,2021.0
484,Teddy Bridgewater,teddy bridgewater,teddy bridgewater,QB,00-0031237,BridTe00,2014.0,2021.0
485,Tyreek Hill,tyreek hill,tyreek hill,WR,00-0033040,HillTy00,2016.0,2021.0
486,Christian McCaffrey,christian mccaffrey,christian mccaffrey,RB,00-0033280,McCaCh01,2017.0,2021.0
487,Josh Allen,josh allen,josh allen,QB,00-0034857,AlleJo02,2018.0,2021.0
488,Corey Davis,corey davis,corey davis,WR,00-0033871,DaviCo03,2017.0,2021.0
489,Aaron Rodgers,aaron rodgers,aaron rodgers,QB,00-0023459,RodgAa00,2005.0,2021.0
490,Gerald Everett,gerald everett,gerald everett,TE,00-0033895,EverGe00,2017.0,2021.0
491,Donovan Peoples-Jones,donovan peoples-jones,donovan peoples-jones,WR,00-0036233,PeopDo00,2020.0,2021.0
492,Marvin Jones,marvin jones,marvin jones,WR,00-0029293,JoneMa02,2012.0,2021.0
493,CeeDee Lamb,ceedee lamb,ceedee lamb,WR,00-0036358,LambCe00,2020.0,2021.0
494,Christian Kirk,christian kirk,christian kirk,WR,00-0034775,KirkCh01,2018.0,2021.0
495,Tom Brady,tom brady,tom brady,QB,00-0019596,BradTo00,2000.0,2021.0
496,Chase Claypool,chase claypool,chase claypool,WR,00-0036326,ClayCh01,2020.0,2021.0
497,Keenan Allen,keenan allen,keenan allen,WR,00-0030279,AlleKe00,2013.0,2021.0
498,Kyle Pitts,kyle pitts,kyle pitts,TE,00-0036970,PittKy00,2021.0,2021.0
499,Jonathan Taylor,jonathan taylor,jonathan taylor,RB,00-0036223,TaylJo02,2020.0,2021.0
500,Antonio Brown,antonio brown,antonio brown,WR,00-0027793,BrowAn04,2010.0,2021.0
501,Nyheim Hines,nyheim hines,nyheim hines,RB,00-0034367,HineNy00,2018.0,2021.0
502,Jerry Jeudy,jerry jeudy,jerry jeudy,WR,00-0036407,JeudJe00,2020.0,2021.0
503,Jalen Hurts,jalen hurts,jalen hurts,QB,00-0036389,HurtJa00,2020.0,2021.0
504,David Montgomery,david montgomery,david montgomery,RB,00-0035685,MontDa01,2019.0,2021.0
505,Rashod Bateman,rashod bateman,rashod bateman,WR,00-0036550,BateRa00,2021.0,2021.0
506,Daniel Jones,daniel jones,daniel jones,QB,00-0035710,JoneDa05,2019.0,2021.0
507,Giovani Bernard,giovani bernard,giovani bernard,RB,00-0030456,BernGi00,2013.0,2021.0
508,Darrel Williams,darrel williams,darrel williams,RB,00-0034301,WillDa10,2018.0,2021.0
509,AJ Dillon,aj dillon,aj dillon,RB,00-0036265,DillAJ00,2020.0,2021.0
510,Davante Adams,davante adams,davante adams,WR,00-0031381,AdamDa01,2014.0,2021.0
511,Carson Wentz,carson wentz,carson wentz,QB,00-0032950,WentCa00,2016.0,2021.0
512,Dan Arnold,dan arnold,dan arnold,TE,00-0034011,ArnoDa00,2017.0,2021.0
513,David Johnson,david johnson,david johnson,RB,00-0032187,JohnDa08,2015.0,2021.0
514,Courtland Sutton,courtland sutton,courtland sutton,WR,00-0034348,SuttCo00,2018.0,2021.0
515,Demarcus Robinson,demarcus robinson,demarcus robinson,WR,00-0032775,RobiDe01,2016.0,2021.0
516,Terry McLaurin,terry mclaurin,terry mclaurin,WR,00-0035659,McLaTe00,2019.0,2021.0
517,Bryan Edwards,bryan edwards,bryan edwards,WR,00-0036365,EdwaBr01,2020.0,2021.0
518,Mac Jones,mac jones,mac jones,QB,00-0036972,JoneMa05,2021.0,2021.0
519,T.J. Hockenson,tj hockenson,tj hockenson,TE,00-0035229,HockTJ00,2019.0,2021.0
520,Damien Williams,damien williams,damien williams,RB,00-0030874,WillDa05,2014.0,2021.0
521,Joe Burrow,joe burrow,joe burrow,QB,00-0036442,BurrJo01,2020.0,2021.0
522,Travis Kelce,travis kelce,travis kelce,TE,00-0030506,KelcTr00,2013.0,2021.0
523,Myles Gaskin,myles gaskin,myles gaskin,RB,00-0035311,GaskMy00,2019.0,2021.0
524,Dalvin Cook,dalvin cook,dalvin cook,RB,00-0033893,CookDa01,2017.0,2021.0
525,Curtis Samuel,curtis samuel,curtis samuel,WR,00-0033282,SamuCu00,2017.0,2021.0
526,Michael Carter,michael carter,michael carter,RB,00-0036924,CartMi03,2021.0,2021.0
527,Mecole Hardman,mecole hardman,mecole hardman,WR,00-0035140,HardMe00,2019.0,2021.0
528,DeSean Jackson,desean jackson,desean jackson,WR,00-0026189,JackDe00,2008.0,2021.0
529,William Fuller,william fuller,william fuller,WR,00-0033127,FullWi01,2016.0,2021.0
530,Tony Pollard,tony pollard,tony pollard,RB,00-0035261,PollTo00,2019.0,2021.0
531,Tyler Boyd,tyler boyd,tyler boyd,WR,00-0033009,BoydTy00,2016.0,2021.0
532,Kadarius Toney,kadarius toney,kadarius toney,WR,00-0036913,ToneKa00,2021.0,2021.0
533,Diontae Johnson,diontae johnson,diontae johnson,WR,00-0035216,JohnDi01,2019.0,2021.0
534,Kyler Murray,kyler murray,kyler murray,QB,00-0035228,MurrKy00,2019.0,2021.0
535,Jaylen Waddle,jaylen waddle,jaylen waddle,WR,00-0036613,WaddJa00,2021.0,2021.0
536,Joshua Palmer,joshua palmer,joshua palmer,WR,00-0036988,PalmJo00,2021.0,2021.0
537,Hunter Henry,hunter henry,hunter henry,TE,00-0033090,HenrHu00,2016.0,2021.0
538,DeAndre Hopkins,deandre hopkins,deandre hopkins,WR,00-0030564,HopkDe00,2013.0,2021.0
539,Terrace Marshall,terrace marshall,terrace marshall,WR,00-0036955,MarsTe00,2021.0,2021.0
540,Najee Harris,najee harris,najee harris,RB,00-0036893,HarrNa00,2021.0,2021.0
541,Odell Beckham,odell beckham,odell beckham,WR,00-0031235,BeckOd00,2014.0,2021.0
542,Dak Prescott,dak prescott,dak prescott,QB,00-0033077,PresDa01,2016.0,2021.0
543,Raheem Mostert,raheem mostert,raheem mostert,RB,00-0031687,MostRa00,2015.0,2021.0
544,Logan Thomas,logan thomas,logan thomas,TE,00-0031260,ThomLo00,2014.0,2021.0
545,Xavier Jones,xavier jones,xavier jones,RB,00-0036078,JoneXa00,2020.0,2021.0
546,Kareem Hunt,kareem hunt,kareem hunt,RB,00-0033923,HuntKa00,2017.0,2021.0
547,Cole Beasley,cole beasley,cole beasley,WR,00-0029000,BeasCo00,2012.0,2021.0
548,Adam Trautman,adam trautman,adam trautman,TE,00-0036422,TrauAd00,2020.0,2021.0
549,KJ Hamler,kj hamler,kj hamler,WR,00-0036412,HamlKJ00,2020.0,2021.0
550,Trey Lance,trey lance,trey lance,QB,00-0037012,LancTr00,2021.0,2021.0
551,Randall Cobb,randall cobb,randall cobb,WR,00-0028002,CobbRa00,2011.0,2021.0
552,Matt Ryan,matt ryan,matt ryan,QB,00-0026143,RyanMa00,2008.0,2021.0
553,Jakobi Meyers,jakobi meyers,jakobi meyers,WR,00-0034960,MeyeJa01,2019.0,2021.0
554,Clyde Edwards-Helaire,clyde edwards-helaire,clyde edwards-helaire,RB,00-0036360,EdwaCl00,2020.0,2021.0
555,Devin Singletary,devin singletary,devin singletary,RB,00-0035250,SingDe00,2019.0,2021.0
556,Noah Fant,noah fant,noah fant,TE,00-0035644,FantNo00,2019.0,2021.0
557,Ronald Jones,ronald jones,ronald jones,RB,00-0034816,JoneRo01,2018.0,2021.0
558,Irv Smith,irv smith,irv smith,TE,00-0034970,SmitIr01,2019.0,2021.0
559,Pat Freiermuth,pat freiermuth,pat freiermuth,TE,00-0036894,FreiPa00,2021.0,2021.0
560,Dyami Brown,dyami brown,dyami brown,WR,00-0036626,BrowDy00,2021.0,2021.0
561,Darrell Henderson,darrell henderson,darrell henderson,RB,00-0035664,HendDa00,2019.0,2021.0
562,Mike Evans,mike evans,mike evans,WR,00-0031408,EvanMi00,2014.0,2021.0
563,Nelson Agholor,nelson agholor,nelson agholor,WR,00-0031549,AghoNe00,2015.0,2021.0
564,Cooper Kupp,cooper kupp,cooper kupp,WR,00-0033908,KuppCo00,2017.0,2021.0
565,Tyrell Williams,tyrell williams,tyrell williams,WR,00-0032160,WillTy00,2015.0,2021.0
566,Damien Harris,damien harris,damien harris,RB,00-0035657,HarrDa06,2019.0,2021.0
567,Patrick Mahomes,patrick mahomes,patrick mahomes,QB,00-0033873,MahoPa00,2017.0,2021.0
568,Joe Mixon,joe mixon,joe mixon,RB,00-0033897,MixoJo00,2017.0,2021.0
569,Kirk Cousins,kirk cousins,kirk cousins,QB,00-0029604,CousKi00,2012.0,2021.0
570,Jerick McKinnon,jerick mckinnon,jerick mckinnon,RB,00-0031376,McKiJe00,2014.0,2021.0
571,Brandon Aiyuk,brandon aiyuk,brandon aiyuk,WR,00-0036261,AiyuBr00,2020.0,2021.0
572,Ryan Fitzpatrick,ryan fitzpatrick,ryan fitzpatrick,QB,00-0023682,FitzRy00,2005.0,2021.0
573,Javonte Williams,javonte williams,javonte williams,RB,00-0036997,WillJa10,2021.0,2021.0
574,Gus Edwards,gus edwards,gus edwards,RB,00-0034184,EdwaGu00,2018.0,2021.0
575,Russell Wilson,russell wilson,russell wilson,QB,00-0029263,WilsRu00,2012.0,2021.0
576,Ben Roethlisberger,ben roethlisberger,ben roethlisberger,QB,00-0022924,RoetBe00,2004.0,2021.0
577,Ja'Marr Chase,jamarr chase,jamarr chase,WR,00-0036900,ChasJa00,2021.0,2021.0
578,Zach Ertz,zach ertz,zach ertz,TE,00-0030061,ErtzZa00,2013.0,2021.0
579,Mark Andrews,mark andrews,mark andrews,TE,00-0034753,AndrMa00,2018.0,2021.0
580,Sterling Shepard,sterling shepard,sterling shepard,WR,00-0032385,ShepSt00,2016.0,2021.0
581,T.Y. Hilton,ty hilton,ty hilton,WR,00-0029608,HiltT.00,2012.0,2021.0
582,Ezekiel Elliott,ezekiel elliott,ezekiel elliott,RB,00-0033045,ElliEz00,2016.0,2021.0
583,DJ Moore,dj moore,dj moore,WR,00-0034827,MoorD.00,2018.0,2021.0
584,Mike Williams,mike williams,mike williams,WR,00-0033536,WillMi07,2017.0,2021.0
585,D'Andre Swift,dandre swift,dandre swift,RB,00-0036275,SwifDA00,2020.0,2021.0
586,Sammy Watkins,sammy watkins,sammy watkins,WR,00-0031325,WatkSa00,2014.0,2021.0
587,Latavius Murray,latavius murray,latavius murray,RB,00-0030513,MurrLa00,2013.0,2021.0
588,Austin Hooper,austin hooper,austin hooper,TE,00-0032392,HoopAu00,2016.0,2021.0
589,Baker Mayfield,baker mayfield,baker mayfield,QB,00-0034855,MayfBa00,2018.0,2021.0
590,Alexander Mattison,alexander mattison,alexander mattison,RB,00-0034972,MattAl01,2019.0,2021.0
591,Jameis Winston,jameis winston,jameis winston,QB,00-0031503,WinsJa00,2015.0,2021.0
592,Matthew Stafford,matthew stafford,matthew stafford,QB,00-0026498,StafMa00,2009.0,2021.0
593,A.J. Green,aj green,aj green,WR,00-0027942,GreeA.00,2011.0,2021.0
594,Carlos Hyde,carlos hyde,carlos hyde,RB,00-0031045,HydeCa00,2014.0,2021.0
595,Sony Michel,sony michel,sony michel,RB,00-0034845,MichSo00,2018.0,2021.0
596,Austin Ekeler,austin ekeler,austin ekeler,RB,00-0033699,EkelAu00,2017.0,2021.0
597,Deebo Samuel,deebo samuel,deebo samuel,WR,00-0035719,SamuDe00,2019.0,2021.0
598,Justin Jefferson,justin jefferson,justin jefferson,WR,00-0036322,JeffJu00,2020.0,2021.0
599,Nick Chubb,nick chubb,nick chubb,RB,00-0034791,ChubNi00,2018.0,2021.0
600,DK Metcalf,dk metcalf,dk metcalf,WR,00-0035640,MetcDK00,2019.0,2021.0
601,James Robinson,james robinson,james robinson,RB,00-0035831,RobiJa00,2020.0,2021.0
602,Michael Gallup,michael gallup,michael gallup,WR,00-0034764,GallMi00,2018.0,2021.0
603,Trey Sermon,trey sermon,trey sermon,RB,00-0036984,SermTr00,2021.0,2021.0
604,Jared Cook,jared cook,jared cook,TE,00-0027061,CookJa02,2009.0,2021.0
605,Justin Herbert,justin herbert,justin herbert,QB,00-0036355,HerbJu00,2020.0,2021.0
606,Parris Campbell,parris campbell,parris campbell,WR,00-0035639,CampPa00,2019.0,2021.0
607,Tevin Coleman,tevin coleman,tevin coleman,RB,00-0032058,ColeTe01,2015.0,2021.0
608,Henry Ruggs,henry ruggs,henry ruggs,WR,00-0036357,RuggHe00,2020.0,2021.0
609,Brandin Cooks,brandin cooks,brandin cooks,WR,00-0031236,CookBr00,2014.0,2021.0
610,Kenny Golladay,kenny golladay,kenny golladay,WR,00-0033932,GollKe00,2017.0,2021.0
611,Miles Sanders,miles sanders,miles sanders,RB,00-0035243,SandMi01,2019.0,2021.0
612,Chuba Hubbard,chuba hubbard,chuba hubbard,RB,00-0036555,HubbCh01,2021.0,2021.0
613,Rashard Higgins,rashard higgins,rashard higgins,WR,00-0032977,HiggRa00,2016.0,2021.0
614,Elijah Mitchell,elijah mitchell,elijah mitchell,RB,00-0036567,MitcEl00,2021.0,2021.0
615,Deshaun Watson,deshaun watson,deshaun watson,QB,00-0033537,WatsDe00,2017.0,2021.0
616,O.J. Howard,oj howard,oj howard,TE,00-0033879,HowaO.00,2017.0,2021.0
617,John Brown,john brown,john brown,WR,00-0031051,BrowJo02,2014.0,2021.0
618,Amari Rodgers,amari rodgers,amari rodgers,WR,00-0036991,RodgAm00,2021.0,2021.0
619,Dawson Knox,dawson knox,dawson knox,TE,00-0035689,KnoxDa00,2019.0,2021.0
620,Cam Akers,cam akers,cam akers,RB,00-0036414,AkerCa00,2020.0,2021.0
621,Darius Slayton,darius slayton,darius slayton,WR,00-0035535,SlayDa01,2019.0,2021.0
622,Chris Herndon,chris herndon,chris herndon,TE,00-0034766,HernCh00,2018.0,2021.0
623,Jeff Wilson,jeff wilson,jeff wilson,RB,00-0034115,WilsJe01,2018.0,2021.0
624,Travis Etienne,travis etienne,travis etienne,RB,00-0036973,EtieTr00,2021.0,2021.0
625,Allen Lazard,allen lazard,allen lazard,WR,00-0034521,LazaAl00,2018.0,2021.0
626,D'Wayne Eskridge,dwayne eskridge,dwayne eskridge,WR,00-0036620,EskrDW00,2021.0,2021.0
627,Mo Alie-Cox,mo alie-cox,mo alie-cox,TE,00-0033217,AlieMo00,2017.0,2021.0
628,Van Jefferson,van jefferson,van jefferson,WR,00-0036415,JeffVa00,2020.0,2021.0
629,Jalen Guyton,jalen guyton,jalen guyton,WR,00-0035414,GuytJa01,2019.0,2021.0
630,Taysom Hill,taysom hill,taysom hill,QB,00-0033357,HillTa00,2017.0,2021.0
631,Tarik Cohen,tarik cohen,tarik cohen,RB,00-0033556,CoheTa00,2017.0,2021.0
632,Anthony Firkser,anthony firkser,anthony firkser,TE,00-0033455,FirkAn00,2018.0,2021.0
633,Breshad Perriman,breshad perriman,breshad perriman,WR,00-0032054,PerrBr02,2015.0,2021.0
634,Cam Newton,cam newton,cam newton,QB,00-0027939,NewtCa00,2011.0,2021.0
635,Adam Humphries,adam humphries,adam humphries,WR,00-0032009,HumpAd00,2015.0,2021.0
636,Eno Benjamin,eno benjamin,eno benjamin,RB,00-0036383,BenjEn00,2020.0,2021.0
637,Preston Williams,preston williams,preston williams,WR,00-0035350,WillPr01,2019.0,2021.0
638,Collin Johnson,collin johnson,collin johnson,WR,00-0036254,JohnCo01,2020.0,2021.0
639,Hunter Renfrow,hunter renfrow,hunter renfrow,WR,00-0034983,RenfHu00,2019.0,2021.0
640,Quez Watkins,quez watkins,quez watkins,WR,00-0036271,WatkQu00,2020.0,2021.0
641,Olamide Zaccheaus,olamide zaccheaus,olamide zaccheaus,WR,00-0035208,ZaccOl01,2019.0,2021.0
642,Kendrick Bourne,kendrick bourne,kendrick bourne,WR,00-0033307,BourKe00,2017.0,2021.0
643,Jimmy Garoppolo,jimmy garoppolo,jimmy garoppolo,QB,00-0031345,GaroJi00,2014.0,2021.0
644,Jalen Hurd,jalen hurd,jalen hurd,WR,00-0034971,HurdJa00,2019.0,2021.0
645,Travis Fulgham,travis fulgham,travis fulgham,WR,00-0035592,FulgTr00,2019.0,2021.0
646,Tyler Kroft,tyler kroft,tyler kroft,TE,00-0032214,KrofTy00,2015.0,2021.0
647,Donald Parham,donald parham,donald parham,TE,00-0035329,ParhDo00,2019.0,2021.0
648,Daurice Fountain,daurice fountain,daurice fountain,WR,00-0034395,FounDa00,2018.0,2021.0
649,Jaret Patterson,jaret patterson,jaret patterson,RB,00-0036755,PattJa01,2021.0,2021.0
650,Cornell Powell,cornell powell,cornell powell,WR,00-0036647,PoweCo00,2021.0,2021.0
651,Anthony Miller,anthony miller,anthony miller,WR,00-0034353,MillAn02,2018.0,2021.0
652,Marlon Mack,marlon mack,marlon mack,RB,00-0033951,MackMa00,2017.0,2021.0
653,Quintez Cephus,quintez cephus,quintez cephus,WR,00-0036277,CephQu00,2020.0,2021.0
654,Mike Strachan,mike strachan,mike strachan,WR,00-0036482,StraMi03,2021.0,2021.0
655,Tyler Conklin,tyler conklin,tyler conklin,TE,00-0034270,ConkTy00,2018.0,2021.0
656,Ty'Son Williams,tyson williams,tyson williams,RB,00-0036457,WillTy01,2020.0,2021.0
657,Kylin Hill,kylin hill,kylin hill,RB,00-0036669,HillKy00,2021.0,2021.0
658,Boston Scott,boston scott,boston scott,RB,00-0034414,ScotBo02,2018.0,2021.0
659,Tim Patrick,tim patrick,tim patrick,WR,00-0033375,PatrTi00,2017.0,2021.0
660,Todd Gurley,todd gurley,todd gurley,RB,00-0032241,GurlTo01,2015.0,2021.0
661,Dez Fitzpatrick,dez fitzpatrick,dez fitzpatrick,WR,00-0036627,FitzDe00,2021.0,2021.0
662,Samaje Perine,samaje perine,samaje perine,RB,00-0033526,PeriSa00,2017.0,2021.0
663,Maxx Williams,maxx williams,maxx williams,TE,00-0031558,WillMa04,2015.0,2021.0
664,Hayden Hurst,hayden hurst,hayden hurst,TE,00-0034830,HursHa00,2018.0,2021.0
665,Mohamed Sanu,mohamed sanu,mohamed sanu,WR,00-0029632,SanuMo00,2012.0,2021.0
666,Ke'Shawn Vaughn,keshawn vaughn,keshawn vaughn,RB,00-0036450,VaugKe00,2020.0,2021.0
667,Salvon Ahmed,salvon ahmed,salvon ahmed,RB,00-0036020,AhmeSa01,2020.0,2021.0
668,Javian Hawkins,javian hawkins,javian hawkins,RB,00-0036827,,2021.0,2021.0
669,Scott Miller,scott miller,scott miller,WR,00-0035298,MillSc01,2019.0,2021.0
670,Jordan Love,jordan love,jordan love,QB,00-0036264,LoveJo03,2020.0,2021.0
671,Keke Coutee,keke coutee,keke coutee,WR,00-0034366,CoutKe00,2018.0,2021.0
672,Keelan Cole,keelan cole,keelan cole,WR,00-0033681,ColeKe00,2017.0,2021.0
673,Dazz Newsome,dazz newsome,dazz newsome,WR,00-0036907,NewsDa00,2021.0,2021.0
674,Wayne Gallman,wayne gallman,wayne gallman,RB,00-0033950,GallWa00,2017.0,2021.0
675,Justin Jackson,justin jackson,justin jackson,RB,00-0034440,JackJu01,2018.0,2021.0
676,Noah Gray,noah gray,noah gray,TE,00-0036637,GrayNo00,2021.0,2021.0
677,Jordan Akins,jordan akins,jordan akins,TE,00-0034364,AkinJo00,2018.0,2021.0
678,Zach Pascal,zach pascal,zach pascal,WR,00-0033251,PascZa00,2017.0,2021.0
679,Mark Ingram,mark ingram,mark ingram,RB,00-0027966,IngrMa01,2011.0,2021.0
680,Jacob Harris,jacob harris,jacob harris,WR,00-0036918,HarrJa03,2021.0,2021.0
681,Cordarrelle Patterson,cordarrelle patterson,cordarrelle patterson,WR,00-0030578,PattCo00,2013.0,2021.0
682,Justice Hill,justice hill,justice hill,RB,00-0034975,HillJu00,2019.0,2021.0
683,Drew Lock,drew lock,drew lock,QB,00-0035704,LockDr00,2019.0,2021.0
684,Alex Collins,alex collins,alex collins,RB,00-0032426,CollAl00,2016.0,2021.0
685,Tyron Johnson,tyron johnson,tyron johnson,WR,00-0035457,JohnTy03,2019.0,2021.0
686,Mike Boone,mike boone,mike boone,RB,00-0034208,BoonMi00,2018.0,2021.0
687,Dalton Schultz,dalton schultz,dalton schultz,TE,00-0034383,SchuDa00,2018.0,2021.0
688,James Washington,james washington,james washington,WR,00-0034676,WashJa00,2018.0,2021.0
689,C.J. Uzomah,cj uzomah,cj uzomah,TE,00-0032134,UzomC.00,2015.0,2021.0
690,Larry Rountree,larry rountree,larry rountree,RB,00-0036650,RounLa00,2021.0,2021.0
691,Le'Veon Bell,leveon bell,leveon bell,RB,00-0030496,BellLe00,2013.0,2021.0
692,Matt Breida,matt breida,matt breida,RB,00-0033308,BreiMa00,2017.0,2021.0
693,Demetric Felton,demetric felton,demetric felton,WR,00-0036654,FeltDe00,2021.0,2021.0
694,Trent Sherfield,trent sherfield,trent sherfield,WR,00-0034487,SherTr00,2018.0,2021.0
695,Albert Wilson,albert wilson,albert wilson,WR,00-0030669,WilsAl02,2014.0,2021.0
696,Thaddeus Moss,thaddeus moss,thaddeus moss,TE,00-0036023,,2020.0,2021.0
697,Chris Conley,chris conley,chris conley,WR,00-0032128,ConlCh00,2015.0,2021.0
698,Isaiah McKenzie,isaiah mckenzie,isaiah mckenzie,WR,00-0033466,McKeIs00,2017.0,2021.0
699,Cedrick Wilson,cedrick wilson,cedrick wilson,WR,00-0034418,WilsCe01,2018.0,2021.0
700,Anthony McFarland,anthony mcfarland,anthony mcfarland,RB,00-0036336,McFaAn00,2020.0,2021.0
701,Qadree Ollison,qadree ollison,qadree ollison,RB,00-0035273,OlliQa00,2019.0,2021.0
702,Jimmy Graham,jimmy graham,jimmy graham,TE,00-0027696,GrahJi00,2010.0,2021.0
703,Anthony Schwartz,anthony schwartz,anthony schwartz,WR,00-0036999,SchwAn00,2021.0,2021.0
704,Tyler Johnson,tyler johnson,tyler johnson,WR,00-0036427,JohnTy00,2020.0,2021.0
705,DeeJay Dallas,deejay dallas,deejay dallas,RB,00-0036425,DallDe00,2020.0,2021.0
706,Tylan Wallace,tylan wallace,tylan wallace,WR,00-0036630,WallTy00,2021.0,2021.0
707,Deonte Harris,deonte harris,deonte harris,WR,00-0035215,HarrDe07,2019.0,2021.0
708,JaMycal Hasty,jamycal hasty,jamycal hasty,RB,00-0035806,HastJa02,2020.0,2021.0
709,Josh Oliver,josh oliver,josh oliver,TE,00-0035249,OlivJo00,2019.0,2021.0
710,Chris Evans,chris evans,chris evans,RB,00-0036857,EvanCh02,2021.0,2021.0
711,Royce Freeman,royce freeman,royce freeman,RB,00-0034838,FreeRo00,2018.0,2021.0
712,David Moore,david moore,david moore,WR,00-0033589,MoorDa03,2017.0,2021.0
713,Marquise Goodwin,marquise goodwin,marquise goodwin,WR,00-0030068,GoodMa00,2013.0,2021.0
714,Tutu Atwell,tutu atwell,tutu atwell,WR,00-0036849,AtweTu00,2021.0,2021.0
715,Cam Sims,cam sims,cam sims,WR,00-0034104,SimsCa00,2018.0,2021.0
716,Joshua Kelley,joshua kelley,joshua kelley,RB,00-0036370,KellJo01,2020.0,2021.0
717,Simi Fehoko,simi fehoko,simi fehoko,WR,00-0036646,FehoSi00,2021.0,2021.0
718,Gerrid Doaks,gerrid doaks,gerrid doaks,RB,00-0036578,DoakGe00,2021.0,2021.0
719,Auden Tate,auden tate,auden tate,WR,00-0034686,TateAu00,2018.0,2021.0
720,J.J. Taylor,jj taylor,jj taylor,RB,00-0036096,TaylJJ01,2020.0,2021.0
721,Devin Duvernay,devin duvernay,devin duvernay,WR,00-0036331,DuveDe00,2020.0,2021.0
722,Benny Snell,benny snell,benny snell,RB,00-0035217,SnelBe00,2019.0,2021.0
723,Lynn Bowden,lynn bowden,lynn bowden,RB,00-0036364,BowdLy00,2020.0,2021.0
724,Ihmir Smith-Marsette,ihmir smith-marsette,ihmir smith-marsette,WR,00-0036635,SmitIh00,2021.0,2021.0
725,Jake Funk,jake funk,jake funk,RB,00-0036860,FunkJa00,2021.0,2021.0
726,Andy Isabella,andy isabella,andy isabella,WR,00-0035527,IsabAn00,2019.0,2021.0
727,David Njoku,david njoku,david njoku,TE,00-0033885,NjokDa00,2017.0,2021.0
728,Pharaoh Brown,pharaoh brown,pharaoh brown,TE,00-0033439,BrowPh01,2017.0,2021.0
729,Duke Johnson,duke johnson,duke johnson,RB,00-0032257,JohnDu00,2015.0,2021.0
730,Dede Westbrook,dede westbrook,dede westbrook,WR,00-0033839,WestDe00,2017.0,2021.0
731,Taylor Heinicke,taylor heinicke,taylor heinicke,QB,00-0031800,HeinTa00,2015.0,2021.0
732,Devonta Freeman,devonta freeman,devonta freeman,RB,00-0031285,FreeDe00,2014.0,2021.0
733,James O'Shaughnessy,james oshaughnessy,james oshaughnessy,TE,00-0031951,O'ShJa00,2015.0,2021.0
734,Greg Ward,greg ward,greg ward,WR,00-0033733,WardGr02,2017.0,2021.0
735,Frank Darby,frank darby,frank darby,WR,00-0036951,DarbFr00,2021.0,2021.0
736,Josh Gordon,josh gordon,josh gordon,WR,00-0029664,,2012.0,2021.0
737,Kylen Granson,kylen granson,kylen granson,TE,00-0036876,GranKy00,2021.0,2021.0
738,Foster Moreau,foster moreau,foster moreau,TE,00-0034981,MoreFo00,2019.0,2021.0
739,Khalil Herbert,khalil herbert,khalil herbert,RB,00-0036906,HerbKh00,2021.0,2021.0
740,Drew Sample,drew sample,drew sample,TE,00-0035631,SampDr00,2019.0,2021.0
741,Tyler Huntley,tyler huntley,tyler huntley,QB,00-0035993,HuntTy01,2020.0,2021.0
742,Equanimeous St. Brown,equanimeous st brown,equanimeous st brown,WR,00-0034279,St.BEq00,2018.0,2021.0
743,Andy Dalton,andy dalton,andy dalton,QB,00-0027973,DaltAn00,2011.0,2021.0
744,Jacob Hollister,jacob hollister,jacob hollister,TE,00-0033387,HollJa03,2017.0,2021.0
745,Jack Doyle,jack doyle,jack doyle,TE,00-0030181,DoylJa00,2013.0,2021.0
746,N'Keal Harry,nkeal harry,nkeal harry,WR,00-0035624,HarrNK00,2019.0,2021.0
747,Harrison Bryant,harrison bryant,harrison bryant,TE,00-0036232,BryaHa00,2020.0,2021.0
748,Geoff Swaim,geoff swaim,geoff swaim,TE,00-0032141,SwaiGe00,2015.0,2021.0
749,Jeremy McNichols,jeremy mcnichols,jeremy mcnichols,RB,00-0033955,McNiJe00,2017.0,2021.0
750,Kyle Rudolph,kyle rudolph,kyle rudolph,TE,00-0027981,RudoKy00,2011.0,2021.0
751,La'Mical Perine,lamical perine,lamical perine,RB,00-0036269,PeriLa00,2020.0,2021.0
752,Marcus Mariota,marcus mariota,marcus mariota,QB,00-0032268,MariMa01,2015.0,2021.0
753,Tim Tebow,tim tebow,tim tebow,TE,,TeboTi00,2010.0,2021.0
754,Antonio Gandy-Golden,antonio gandy-golden,antonio gandy-golden,WR,00-0036340,GandAn00,2020.0,2021.0
755,Isaiah Hodgins,isaiah hodgins,isaiah hodgins,WR,00-0036165,HodgIs00,2020.0,2021.0
756,Mekhi Sargent,mekhi sargent,mekhi sargent,RB,00-0036698,SargMe00,2021.0,2021.0
757,Mitchell Trubisky,mitchell trubisky,mitchell trubisky,QB,00-0033869,TrubMi00,2017.0,2021.0
758,Will Dissly,will dissly,will dissly,TE,00-0034159,DissWi00,2018.0,2021.0
759,Damiere Byrd,damiere byrd,damiere byrd,WR,00-0031868,ByrdDa00,2015.0,2021.0
760,D'Onta Foreman,donta foreman,donta foreman,RB,00-0033925,ForeDO00,2017.0,2021.0
761,Richie James,richie james,richie james,WR,00-0034286,JameRi00,2018.0,2021.0
762,Devin Smith,devin smith,devin smith,WR,00-0031934,SmitDe04,2015.0,2021.0
763,James Proche,james proche,james proche,WR,00-0036133,ProcJa00,2020.0,2021.0
764,Tommy Tremble,tommy tremble,tommy tremble,TE,00-0037005,TremTo00,2021.0,2021.0
765,Chris Manhertz,chris manhertz,chris manhertz,TE,00-0031484,ManhCh00,2016.0,2021.0
766,Lil'Jordan Humphrey,liljordan humphrey,liljordan humphrey,WR,00-0035406,HumpLi01,2019.0,2021.0
767,Kerryon Johnson,kerryon johnson,kerryon johnson,RB,00-0034349,JohnKe06,2018.0,2021.0
768,Antoine Wesley,antoine wesley,antoine wesley,WR,00-0035126,,2019.0,2021.0
769,Kalif Raymond,kalif raymond,kalif raymond,WR,00-0032464,RaymKa00,2016.0,2021.0
770,Jesper Horsted,jesper horsted,jesper horsted,TE,00-0035562,,2019.0,2021.0
771,Freddie Swain,freddie swain,freddie swain,WR,00-0036247,SwaiFr00,2020.0,2021.0
772,Christian Blake,christian blake,christian blake,WR,00-0034132,BlakCh00,2018.0,2021.0
773,Willie Snead,willie snead,willie snead,WR,00-0030663,SneaWi00,2014.0,2021.0
774,Jermar Jefferson,jermar jefferson,jermar jefferson,RB,00-0036670,JeffJe00,2021.0,2021.0
775,Kyle Juszczyk,kyle juszczyk,kyle juszczyk,RB,00-0029892,JuszKy00,2013.0,2021.0
776,Marquez Stevenson,marquez stevenson,marquez stevenson,WR,00-0036571,StevMa00,2021.0,2021.0
777,Devin Funchess,devin funchess,devin funchess,WR,00-0032055,FuncDe00,2015.0,2021.0
778,Golden Tate,golden tate,golden tate,WR,00-0027891,TateGo00,2010.0,2021.0
779,Reggie Bonnafon,reggie bonnafon,reggie bonnafon,RB,00-0034578,,2019.0,2021.0
780,Jakeem Grant,jakeem grant,jakeem grant,WR,00-0032791,GranJa00,2016.0,2021.0
781,Jacob Eason,jacob eason,jacob eason,QB,00-0036226,EasoJa00,2020.0,2021.0
782,Jaelon Darden,jaelon darden,jaelon darden,WR,00-0036877,DardJa00,2021.0,2021.0
783,Rodney Adams,rodney adams,rodney adams,WR,00-0033957,AdamRo01,2017.0,2021.0
784,Ian Thomas,ian thomas,ian thomas,TE,00-0034365,ThomIa00,2018.0,2021.0
785,Austin Watkins,austin watkins,austin watkins,WR,00-0036676,,2021.0,2021.0
786,Adrian Peterson,adrian peterson,adrian peterson,RB,00-0025394,PeteAd01,2007.0,2021.0
787,K.J. Osborn,kj osborn,kj osborn,WR,00-0036345,OsboKJ00,2020.0,2021.0
788,Derrius Guice,derrius guice,derrius guice,RB,00-0034358,GuicDe00,2018.0,2021.0
789,Zay Jones,zay jones,zay jones,WR,00-0033891,JoneZa00,2017.0,2021.0
790,Pooka Williams,pooka williams,pooka williams,RB,00-0036734,WillPo01,2021.0,2021.0
791,John Ross,john ross,john ross,WR,00-0033460,RossJo00,2017.0,2021.0
792,Larry Fitzgerald,larry fitzgerald,larry fitzgerald,WR,00-0022921,FitzLa00,2004.0,2021.0
793,Davis Mills,davis mills,davis mills,QB,00-0036898,MillDa02,2021.0,2021.0
794,Cameron Brate,cameron brate,cameron brate,TE,00-0031273,BratCa00,2014.0,2021.0
795,Ty Montgomery,ty montgomery,ty montgomery,RB,00-0032200,MontTy01,2015.0,2021.0
796,Chad Hansen,chad hansen,chad hansen,WR,00-0033840,HansCh00,2017.0,2021.0
797,Brian Hill,brian hill,brian hill,RB,00-0033567,HillBr02,2017.0,2021.0
798,Tre' McKitty,tre mckitty,tre mckitty,TE,00-0037011,McKiTr00,2021.0,2021.0
799,Shane Buechele,shane buechele,shane buechele,QB,00-0036679,,2021.0,2021.0
800,Trey Burton,trey burton,trey burton,TE,00-0030710,BurtTr01,2014.0,2021.0
801,Nick Vannett,nick vannett,nick vannett,TE,00-0032394,VannNi00,2016.0,2021.0
802,Ross Dwelley,ross dwelley,ross dwelley,TE,00-0034073,DwelRo00,2018.0,2021.0
803,Tajae Sharpe,tajae sharpe,tajae sharpe,WR,00-0032778,SharTa00,2016.0,2021.0
804,Miles Boykin,miles boykin,miles boykin,WR,00-0035703,BoykMi00,2019.0,2021.0
805,Albert Okwuegbunam,albert okwuegbunam,albert okwuegbunam,TE,00-0036423,OkwuAl00,2020.0,2021.0
806,Tyler Bray,tyler bray,tyler bray,QB,00-0030151,,2013.0,2021.0
807,Ryquell Armstead,ryquell armstead,ryquell armstead,RB,00-0035268,ArmsRy00,2019.0,2021.0
808,Darwin Thompson,darwin thompson,darwin thompson,RB,00-0035148,ThomDa06,2019.0,2021.0
809,Patrick Ricard,patrick ricard,patrick ricard,RB,00-0033376,RicaPa00,2017.0,2021.0
810,Kellen Mond,kellen mond,kellen mond,QB,00-0036946,MondKe00,2021.0,2021.0
811,Hunter Long,hunter long,hunter long,TE,00-0037004,LongHu00,2021.0,2021.0
812,Gary Brightwell,gary brightwell,gary brightwell,RB,00-0036569,BrigGa00,2021.0,2021.0
813,Kene Nwangwu,kene nwangwu,kene nwangwu,RB,00-0036842,NwanKe00,2021.0,2021.0
814,Olabisi Johnson,olabisi johnson,olabisi johnson,WR,00-0035006,JohnOl00,2019.0,2021.0
815,Victor Bolden,victor bolden,victor bolden,WR,00-0033306,BoldVi00,2017.0,2021.0
816,Mike Thomas,mike thomas,mike thomas,WR,00-0033114,ThomMi04,2016.0,2021.0
817,Jake Kumerow,jake kumerow,jake kumerow,WR,00-0031787,KumeJa00,2017.0,2021.0
818,Kawaan Baker,kawaan baker,kawaan baker,WR,00-0036939,BakeKa00,2021.0,2021.0
819,D'Ernest Johnson,dernest johnson,dernest johnson,RB,00-0035628,JohnDE04,2019.0,2021.0
820,Chad Beebe,chad beebe,chad beebe,WR,00-0034309,BeebCh00,2018.0,2021.0
821,Tyler Eifert,tyler eifert,tyler eifert,TE,00-0030549,EifeTy00,2013.0,2021.0
822,Phillip Dorsett,phillip dorsett,phillip dorsett,WR,00-0032208,DorsPh00,2015.0,2021.0
823,Trinity Benson,trinity benson,trinity benson,WR,00-0034930,BensTr00,2019.0,2021.0
824,Jonathan Ward,jonathan ward,jonathan ward,RB,00-0035924,WardJo00,2020.0,2021.0
825,Ameer Abdullah,ameer abdullah,ameer abdullah,RB,00-0032104,AbduAm00,2015.0,2021.0
826,Rodney Smith,rodney smith,rodney smith,RB,00-0035957,SmitRo08,2020.0,2021.0
827,Steven Sims,steven sims,steven sims,WR,00-0034928,SimsSt00,2019.0,2021.0
828,Caleb Huntley,caleb huntley,caleb huntley,RB,00-0036829,,2021.0,2021.0
829,Josh Imatorbhebhe,josh imatorbhebhe,,,,,,2021.0
830,Antonio Callaway,antonio callaway,antonio callaway,WR,00-0034772,CallAn00,2018.0,2021.0
831,Racey McMath,racey mcmath,racey mcmath,WR,00-0036652,McMaRa00,2021.0,2021.0
832,Khadarel Hodge,khadarel hodge,khadarel hodge,WR,00-0034854,HodgKh00,2018.0,2021.0
833,Devine Ozigbo,devine ozigbo,devine ozigbo,RB,00-0035184,OzigDe01,2019.0,2021.0
834,Trayveon Williams,trayveon williams,trayveon williams,RB,00-0035291,WillTr06,2019.0,2021.0
835,Brevin Jordan,brevin jordan,brevin jordan,TE,00-0036556,JordBr00,2021.0,2021.0
836,David Blough,david blough,david blough,QB,00-0035040,BlouDa00,2019.0,2021.0
837,Corey Clement,corey clement,corey clement,RB,00-0033725,ClemCo00,2017.0,2021.0
838,Gardner Minshew,gardner minshew,gardner minshew,QB,00-0035289,MinsGa00,2019.0,2021.0
839,LeSean McCoy,lesean mccoy,lesean mccoy,RB,00-0027029,McCoLe01,2009.0,2021.0
840,Kristian Wilkerson,kristian wilkerson,kristian wilkerson,WR,00-0036183,WilkKr00,2020.0,2021.0
841,Isaiah Zuber,isaiah zuber,isaiah zuber,WR,00-0036100,ZubeIs00,2020.0,2021.0
842,Khari Blasingame,khari blasingame,khari blasingame,RB,00-0035099,,2019.0,2021.0
843,C.J. Ham,cj ham,cj ham,RB,00-0032918,HamxC.00,2016.0,2021.0
844,Jarrett Stidham,jarrett stidham,jarrett stidham,QB,00-0035264,StidJa00,2019.0,2021.0
845,Peyton Barber,peyton barber,peyton barber,RB,00-0032741,BarbPe01,2016.0,2021.0
846,Rex Burkhead,rex burkhead,rex burkhead,RB,00-0030288,BurkRe00,2013.0,2021.0
847,Jauan Jennings,jauan jennings,jauan jennings,WR,00-0036259,JennJa00,2020.0,2021.0
848,Kalen Ballage,kalen ballage,kalen ballage,RB,00-0034799,BallKa00,2018.0,2021.0
849,Tamorrion Terry,tamorrion terry,,,,,,2021.0
850,Reggie Gilliam,reggie gilliam,reggie gilliam,TE,00-0036187,,2020.0,2021.0
851,Braxton Berrios,braxton berrios,braxton berrios,WR,00-0034419,BerrBr00,2018.0,2021.0
852,Dwayne Haskins,dwayne haskins,dwayne haskins,QB,00-0035232,HaskDw00,2019.0,2021.0
853,Trent Taylor,trent taylor,trent taylor,WR,00-0033292,TaylTr02,2017.0,2021.0
854,Marcus Johnson,marcus johnson,marcus johnson,WR,00-0032980,JohnMa07,2016.0,2021.0
855,Jody Fortson,jody fortson,jody fortson,WR,00-0035547,FortJo01,2019.0,2021.0
856,Shawn Poindexter,shawn poindexter,,,,,,2021.0
857,Jake Butt,jake butt,jake butt,TE,00-0033564,ButtJa00,2017.0,2021.0
858,Marqise Lee,marqise lee,marqise lee,WR,00-0031431,LeexMa00,2014.0,2021.0
859,Phillip Walker,phillip walker,phillip walker,QB,00-0033275,WalkPh00,2017.0,2021.0
860,Tim Boyle,tim boyle,tim boyle,QB,00-0034177,,2018.0,2021.0
861,Jace Sternberger,jace sternberger,jace sternberger,TE,00-0035671,SterJa00,2019.0,2021.0
862,Joe Flacco,joe flacco,joe flacco,QB,00-0026158,FlacJo00,2008.0,2021.0
863,Tavon Austin,tavon austin,tavon austin,WR,00-0030525,AustTa00,2013.0,2021.0
864,Jesse James,jesse james,jesse james,TE,00-0032135,JameJe00,2015.0,2021.0
865,Seth Williams,seth williams,seth williams,WR,00-0036657,WillSe00,2021.0,2021.0
866,Joe Reed,joe reed,joe reed,WR,00-0036377,ReedJo03,2020.0,2021.0
867,Stevie Scott,stevie scott,stevie scott,RB,00-0036548,,2021.0,2021.0
868,Jordan Matthews,jordan matthews,jordan matthews,WR,00-0031299,MattJo00,2014.0,2021.0
869,Laquon Treadwell,laquon treadwell,laquon treadwell,WR,00-0032951,TreaLa00,2016.0,2021.0
870,Durham Smythe,durham smythe,durham smythe,TE,00-0034798,SmytDu00,2018.0,2021.0
871,Rakeem Boyd,rakeem boyd,,,,,,2021.0
872,Chris Hogan,chris hogan,chris hogan,WR,00-0028237,HogaCh00,2011.0,2021.0
873,Jake Lampman,jake lampman,jake lampman,WR,00-0033021,LampJa00,2016.0,2021.0
874,Trenton Cannon,trenton cannon,trenton cannon,RB,00-0034164,CannTr00,2018.0,2021.0
875,Deon Cain,deon cain,deon cain,WR,00-0034406,CainDe00,2018.0,2021.0
876,Cade Johnson,cade johnson,cade johnson,WR,00-0036810,,2021.0,2021.0
877,Luke Farrell,luke farrell,luke farrell,TE,00-0036887,FarrLu00,2021.0,2021.0
878,Kelvin Harmon,kelvin harmon,kelvin harmon,WR,00-0035297,HarmKe00,2019.0,2021.0
879,Noah Brown,noah brown,noah brown,WR,00-0033591,BrowNo00,2017.0,2021.0
880,Dare Ogunbowale,dare ogunbowale,dare ogunbowale,RB,00-0033854,OgunDa00,2017.0,2021.0
881,Adam Shaheen,adam shaheen,adam shaheen,TE,00-0033896,ShahAd00,2017.0,2021.0
882,Kaden Smith,kaden smith,kaden smith,TE,00-0034988,SmitKa00,2019.0,2021.0
883,Tyler Vaughns,tyler vaughns,tyler vaughns,WR,00-0036495,,2021.0,2021.0
884,Brycen Hopkins,brycen hopkins,brycen hopkins,TE,00-0036424,HopkBr01,2020.0,2021.0
885,Devin Asiasi,devin asiasi,devin asiasi,TE,00-0036194,AsiaDe00,2020.0,2021.0
886,Chester Rogers,chester rogers,chester rogers,WR,00-0032355,RogeCh02,2016.0,2021.0
887,Spencer Ware,spencer ware,spencer ware,RB,00-0030414,WareSp00,2013.0,2021.0
888,Nick Mullens,nick mullens,nick mullens,QB,00-0033319,MullNi00,2017.0,2021.0
889,Scottie Phillips,scottie phillips,scottie phillips,RB,00-0036069,PhilSc01,2020.0,2021.0
890,KeeSean Johnson,keesean johnson,keesean johnson,WR,00-0035287,JohnKe07,2019.0,2021.0
891,Shi Smith,shi smith,shi smith,WR,00-0036572,SmitSh03,2021.0,2021.0
892,Nick Boyle,nick boyle,nick boyle,TE,00-0031598,BoylNi00,2015.0,2021.0
893,Sage Surratt,sage surratt,,,,,,2021.0
894,Kyle Trask,kyle trask,kyle trask,QB,00-0036928,TrasKy00,2021.0,2021.0
895,Raymond Calais,raymond calais,raymond calais,RB,00-0036435,CalaRa00,2020.0,2021.0
896,J.J. Arcega-Whiteside,jj arcega-whiteside,jj arcega-whiteside,WR,00-0035246,ArceJJ00,2019.0,2021.0
897,Blaine Gabbert,blaine gabbert,blaine gabbert,QB,00-0027948,GabbBl00,2011.0,2021.0
898,Kyle Allen,kyle allen,kyle allen,QB,00-0034577,AlleKy00,2018.0,2021.0
899,Blake Bell,blake bell,blake bell,TE,00-0032062,BellBl00,2015.0,2021.0
900,Johnny Football,johnny football,johnny football,QB,00-0031409,ManzJo00,2014.0,2021.0
901,Darren Fells,darren fells,darren fells,TE,00-0029738,FellDa01,2012.0,2021.0
902,Colin Kaepernick,colin kaepernick,colin kaepernick,QB,00-0027974,KaepCo00,2011.0,2021.0
903,Dillon Stoner,dillon stoner,dillon stoner,WR,00-0036526,StonDi00,2021.0,2021.0
904,Danny Amendola,danny amendola,danny amendola,WR,00-0026035,AmenDa00,2008.0,2021.0
905,Ethan Wolf,ethan wolf,ethan wolf,TE,00-0034672,,2018.0,2021.0
906,Josh Adams,josh adams,josh adams,RB,00-0034457,AdamJo03,2018.0,2021.0
907,D.J. Foster,dj foster,dj foster,RB,00-0032577,FostD.01,2016.0,2021.0
908,Marcedes Lewis,marcedes lewis,marcedes lewis,TE,00-0024243,LewiMa00,2006.0,2021.0
909,Derek Carrier,derek carrier,derek carrier,TE,00-0029119,CarrDe00,2012.0,2021.0
910,Brady White,brady white,,,,,,2021.0
911,Jacoby Brissett,jacoby brissett,jacoby brissett,QB,00-0033119,BrisJa00,2016.0,2021.0
912,Eric Saubert,eric saubert,eric saubert,TE,00-0033576,SaubEr00,2017.0,2021.0
913,Julian Edelman,julian edelman,julian edelman,WR,00-0027150,EdelJu00,2009.0,2021.0
914,Sam Ehlinger,sam ehlinger,sam ehlinger,QB,00-0036879,EhliSa00,2021.0,2021.0
915,Jordan Howard,jordan howard,jordan howard,RB,00-0032780,HowaJo00,2016.0,2021.0
916,Derrick Gore,derrick gore,derrick gore,RB,00-0035715,,2019.0,2021.0
917,Drew Brees,drew brees,drew brees,QB,00-0020531,BreeDr00,2001.0,2021.0
918,John Ursua,john ursua,john ursua,WR,00-0035597,UrsuJo00,2019.0,2021.0
919,Darrius Shepherd,darrius shepherd,darrius shepherd,WR,00-0035181,ShepDa00,2019.0,2021.0
920,Jamal Agnew,jamal agnew,jamal agnew,WR,00-0033572,AgneJa00,2017.0,2021.0
921,John Hightower,john hightower,john hightower,WR,00-0036398,HighJo00,2020.0,2021.0
922,Shelton Gibson,shelton gibson,shelton gibson,WR,00-0033573,GibsSh00,2017.0,2021.0
923,Ryan Griffin,ryan griffin,ryan griffin,TE,00-0030108,GrifRy00,2013.0,2021.0
924,Antonio Williams,antonio williams,antonio williams,RB,00-0036188,WillAn03,2020.0,2021.0
925,AJ McCarron,aj mccarron,aj mccarron,QB,00-0031288,McCaA.00,2014.0,2021.0
926,John Kelly,john kelly,john kelly,RB,00-0034808,KellJo00,2018.0,2021.0
927,Cary Angeline,cary angeline,,,,,,2021.0
928,Ricky Seals-Jones,ricky seals-jones,ricky seals-jones,TE,00-0033611,SealRi00,2017.0,2021.0
929,Josh Rosen,josh rosen,josh rosen,QB,00-0034343,RoseJo01,2018.0,2021.0
930,Hakeem Butler,hakeem butler,hakeem butler,TE,00-0035529,ButlHa00,2019.0,2021.0
931,Kahale Warring,kahale warring,kahale warring,TE,00-0035660,WarrKa00,2019.0,2021.0
932,Darrell Daniels,darrell daniels,darrell daniels,TE,00-0033258,DaniDa02,2016.0,2021.0
933,Tyrone Swoopes,tyrone swoopes,tyrone swoopes,TE,00-0033742,SwooTy00,2017.0,2021.0
934,Mack Hollins,mack hollins,mack hollins,WR,00-0033555,HollMa00,2017.0,2021.0
935,Nathan Peterman,nathan peterman,nathan peterman,QB,00-0033958,PeteNa00,2017.0,2021.0
936,Chad Henne,chad henne,chad henne,QB,00-0026197,HennCh01,2008.0,2021.0
937,Tommylee Lewis,tommylee lewis,tommylee lewis,WR,00-0032881,LewiTo00,2016.0,2021.0
938,Trevon Wesco,trevon wesco,trevon wesco,TE,00-0035259,WescTr00,2019.0,2021.0
939,Aaron Parker,aaron parker,aaron parker,WR,00-0036034,,2020.0,2021.0
940,John Bates,john bates,john bates,TE,00-0036628,BateJo00,2021.0,2021.0
941,DJ Moore,dj moore,dj moore,WR,00-0034827,MoorD.00,2018.0,2022.0
942,James Cook,james cook,james cook,RB,00-0037248,CookJa01,2022.0,2022.0
943,Malik Willis,malik willis,malik willis,QB,00-0038128,WillMa12,2022.0,2022.0
944,Michael Carter,michael carter,michael carter,RB,00-0036924,CartMi03,2021.0,2022.0
945,Darren Waller,darren waller,darren waller,TE,00-0031610,WallDa01,2015.0,2022.0
946,Darrel Williams,darrel williams,darrel williams,RB,00-0034301,WillDa10,2018.0,2022.0
947,Amari Cooper,amari cooper,amari cooper,WR,00-0031544,CoopAm00,2015.0,2022.0
948,Hunter Renfrow,hunter renfrow,hunter renfrow,WR,00-0034983,RenfHu00,2019.0,2022.0
949,Mike Davis,mike davis,mike davis,RB,00-0032063,DaviMi01,2015.0,2022.0
950,Dalvin Cook,dalvin cook,dalvin cook,RB,00-0033893,CookDa01,2017.0,2022.0
951,Mecole Hardman,mecole hardman,mecole hardman,WR,00-0035140,HardMe00,2019.0,2022.0
952,Corey Davis,corey davis,corey davis,WR,00-0033871,DaviCo03,2017.0,2022.0
953,Jerick McKinnon,jerick mckinnon,jerick mckinnon,RB,00-0031376,McKiJe00,2014.0,2022.0
954,Marquise Brown,marquise brown,marquise brown,WR,00-0035662,BrowMa04,2019.0,2022.0
955,James Robinson,james robinson,james robinson,RB,00-0035831,RobiJa00,2020.0,2022.0
956,Clyde Edwards-Helaire,clyde edwards-helaire,clyde edwards-helaire,RB,00-0036360,EdwaCl00,2020.0,2022.0
957,Derek Carr,derek carr,derek carr,QB,00-0031280,CarrDe02,2014.0,2022.0
958,Drake London,drake london,drake london,WR,00-0037238,LondDr00,2022.0,2022.0
959,DK Metcalf,dk metcalf,dk metcalf,WR,00-0035640,MetcDK00,2019.0,2022.0
960,Nico Collins,nico collins,nico collins,WR,00-0036554,CollNi00,2021.0,2022.0
961,Lamar Jackson,lamar jackson,lamar jackson,QB,00-0034796,JackLa00,2018.0,2022.0
962,DeVonta Smith,devonta smith,devonta smith,WR,00-0036912,SmitDe07,2021.0,2022.0
963,J.D. McKissic,jd mckissic,jd mckissic,RB,00-0032602,McKiJ.00,2016.0,2022.0
964,J.K. Dobbins,jk dobbins,jk dobbins,RB,00-0036158,DobbJK00,2020.0,2022.0
965,Pat Freiermuth,pat freiermuth,pat freiermuth,TE,00-0036894,FreiPa00,2021.0,2022.0
966,Joshua Palmer,joshua palmer,joshua palmer,WR,00-0036988,PalmJo00,2021.0,2022.0
967,Kenneth Walker,kenneth walker,kenneth walker,RB,00-0038134,WalkKe00,2022.0,2022.0
968,Tyler Allgeier,tyler allgeier,tyler allgeier,RB,00-0037263,AllgTy00,2022.0,2022.0
969,Julio Jones,julio jones,julio jones,WR,00-0027944,JoneJu02,2011.0,2022.0
970,Tony Pollard,tony pollard,tony pollard,RB,00-0035261,PollTo00,2019.0,2022.0
971,Rashod Bateman,rashod bateman,rashod bateman,WR,00-0036550,BateRa00,2021.0,2022.0
972,Chris Olave,chris olave,chris olave,WR,00-0037239,OlavCh00,2022.0,2022.0
973,Davante Adams,davante adams,davante adams,WR,00-0031381,AdamDa01,2014.0,2022.0
974,Kadarius Toney,kadarius toney,kadarius toney,WR,00-0036913,ToneKa00,2021.0,2022.0
975,Matthew Stafford,matthew stafford,matthew stafford,QB,00-0026498,StafMa00,2009.0,2022.0
976,Dawson Knox,dawson knox,dawson knox,TE,00-0035689,KnoxDa00,2019.0,2022.0
977,Noah Fant,noah fant,noah fant,TE,00-0035644,FantNo00,2019.0,2022.0
978,Robert Tonyan,robert tonyan,robert tonyan,TE,00-0033757,TonyRo00,2017.0,2022.0
979,James Conner,james conner,james conner,RB,00-0033553,ConnJa00,2017.0,2022.0
980,Amon-Ra St. Brown,amon-ra st brown,amon-ra st brown,WR,00-0036963,StxxAm00,2021.0,2022.0
981,Christian Kirk,christian kirk,christian kirk,WR,00-0034775,KirkCh01,2018.0,2022.0
982,Taysom Hill,taysom hill,taysom hill,TE,00-0033357,HillTa00,2017.0,2022.0
983,Kenny Golladay,kenny golladay,kenny golladay,WR,00-0033932,GollKe00,2017.0,2022.0
984,Logan Thomas,logan thomas,logan thomas,TE,00-0031260,ThomLo00,2014.0,2022.0
985,Rashaad Penny,rashaad penny,rashaad penny,RB,00-0034750,PennRa00,2018.0,2022.0
986,Nick Westbrook-Ikhine,nick westbrook-ikhine,nick westbrook-ikhine,WR,00-0036182,WestNi00,2020.0,2022.0
987,Randall Cobb,randall cobb,randall cobb,WR,00-0028002,CobbRa00,2011.0,2022.0
988,Josh Jacobs,josh jacobs,josh jacobs,RB,00-0035700,JacoJo01,2019.0,2022.0
989,Courtland Sutton,courtland sutton,courtland sutton,WR,00-0034348,SuttCo00,2018.0,2022.0
990,Eno Benjamin,eno benjamin,eno benjamin,RB,00-0036383,BenjEn00,2020.0,2022.0
991,Cameron Brate,cameron brate,cameron brate,TE,00-0031273,BratCa00,2014.0,2022.0
992,Rondale Moore,rondale moore,rondale moore,WR,00-0036936,MoorRo02,2021.0,2022.0
993,Kenneth Gainwell,kenneth gainwell,kenneth gainwell,RB,00-0036919,GainKe00,2021.0,2022.0
994,Joe Mixon,joe mixon,joe mixon,RB,00-0033897,MixoJo00,2017.0,2022.0
995,Damien Harris,damien harris,damien harris,RB,00-0035657,HarrDa06,2019.0,2022.0
996,Aaron Rodgers,aaron rodgers,aaron rodgers,QB,00-0023459,RodgAa00,2005.0,2022.0
997,Melvin Gordon,melvin gordon,melvin gordon,RB,00-0032144,GordMe00,2015.0,2022.0
998,Tyler Conklin,tyler conklin,tyler conklin,TE,00-0034270,ConkTy00,2018.0,2022.0
999,Nick Chubb,nick chubb,nick chubb,RB,00-0034791,ChubNi00,2018.0,2022.0
1000,Tyler Lockett,tyler lockett,tyler lockett,WR,00-0032211,LockTy00,2015.0,2022.0
1001,CeeDee Lamb,ceedee lamb,ceedee lamb,WR,00-0036358,LambCe00,2020.0,2022.0
1002,Elijah Moore,elijah moore,elijah moore,WR,00-0036980,MoorEl00,2021.0,2022.0
1003,Travis Kelce,travis kelce,travis kelce,TE,00-0030506,KelcTr00,2013.0,2022.0
1004,Jeff Wilson,jeff wilson,jeff wilson,RB,00-0034115,WilsJe01,2018.0,2022.0
1005,Mark Andrews,mark andrews,mark andrews,TE,00-0034753,AndrMa00,2018.0,2022.0
1006,Cordarrelle Patterson,cordarrelle patterson,cordarrelle patterson,RB,00-0030578,PattCo00,2013.0,2022.0
1007,Najee Harris,najee harris,najee harris,RB,00-0036893,HarrNa00,2021.0,2022.0
1008,Treylon Burks,treylon burks,treylon burks,WR,00-0037742,BurkTr00,2022.0,2022.0
1009,Devin Duvernay,devin duvernay,devin duvernay,WR,00-0036331,DuveDe00,2020.0,2022.0
1010,Jakobi Meyers,jakobi meyers,jakobi meyers,WR,00-0034960,MeyeJa01,2019.0,2022.0
1011,Tyler Higbee,tyler higbee,tyler higbee,TE,00-0033110,HigbTy00,2016.0,2022.0
1012,Brandin Cooks,brandin cooks,brandin cooks,WR,00-0031236,CookBr00,2014.0,2022.0
1013,Gabe Davis,gabe davis,gabe davis,WR,00-0036196,DaviGa01,2020.0,2022.0
1014,DeVante Parker,devante parker,devante parker,WR,00-0031547,ParkDe01,2015.0,2022.0
1015,Justin Jefferson,justin jefferson,justin jefferson,WR,00-0036322,JeffJu00,2020.0,2022.0
1016,Jaylen Waddle,jaylen waddle,jaylen waddle,WR,00-0036613,WaddJa00,2021.0,2022.0
1017,Baker Mayfield,baker mayfield,baker mayfield,QB,00-0034855,MayfBa00,2018.0,2022.0
1018,Ja'Marr Chase,jamarr chase,jamarr chase,WR,00-0036900,ChasJa00,2021.0,2022.0
1019,Terry McLaurin,terry mclaurin,terry mclaurin,WR,00-0035659,McLaTe00,2019.0,2022.0
1020,Jameson Williams,jameson williams,jameson williams,WR,00-0037240,WillJa11,2022.0,2022.0
1021,Ezekiel Elliott,ezekiel elliott,ezekiel elliott,RB,00-0033045,ElliEz00,2016.0,2022.0
1022,Zach Ertz,zach ertz,zach ertz,TE,00-0030061,ErtzZa00,2013.0,2022.0
1023,Aaron Jones,aaron jones,aaron jones,RB,00-0033293,JoneAa00,2017.0,2022.0
1024,Jahan Dotson,jahan dotson,jahan dotson,WR,00-0037741,DotsJa00,2022.0,2022.0
1025,Christian McCaffrey,christian mccaffrey,christian mccaffrey,RB,00-0033280,McCaCh01,2017.0,2022.0
1026,Skyy Moore,skyy moore,skyy moore,WR,00-0038090,MoorSk01,2022.0,2022.0
1027,Michael Pittman,michael pittman,michael pittman,WR,00-0036252,PittMi01,2020.0,2022.0
1028,Ryan Tannehill,ryan tannehill,ryan tannehill,QB,00-0029701,TannRy00,2012.0,2022.0
1029,Miles Sanders,miles sanders,miles sanders,RB,00-0035243,SandMi01,2019.0,2022.0
1030,Mike Gesicki,mike gesicki,mike gesicki,TE,00-0034829,GesiMi00,2018.0,2022.0
1031,Justin Fields,justin fields,justin fields,QB,00-0036945,FielJu00,2021.0,2022.0
1032,Hunter Henry,hunter henry,hunter henry,TE,00-0033090,HenrHu00,2016.0,2022.0
1033,Chase Claypool,chase claypool,chase claypool,WR,00-0036326,ClayCh01,2020.0,2022.0
1034,David Njoku,david njoku,david njoku,TE,00-0033885,NjokDa00,2017.0,2022.0
1035,Parris Campbell,parris campbell,parris campbell,WR,00-0035639,CampPa00,2019.0,2022.0
1036,Hayden Hurst,hayden hurst,hayden hurst,TE,00-0034830,HursHa00,2018.0,2022.0
1037,Austin Hooper,austin hooper,austin hooper,TE,00-0032392,HoopAu00,2016.0,2022.0
1038,Patrick Mahomes,patrick mahomes,patrick mahomes,QB,00-0033873,MahoPa00,2017.0,2022.0
1039,Jalen Hurts,jalen hurts,jalen hurts,QB,00-0036389,HurtJa00,2020.0,2022.0
1040,Raheem Mostert,raheem mostert,raheem mostert,RB,00-0031687,MostRa00,2015.0,2022.0
1041,Javonte Williams,javonte williams,javonte williams,RB,00-0036997,WillJa10,2021.0,2022.0
1042,KJ Hamler,kj hamler,kj hamler,WR,00-0036412,HamlKJ00,2020.0,2022.0
1043,A.J. Green,aj green,aj green,WR,00-0027942,GreeA.00,2011.0,2022.0
1044,Odell Beckham,odell beckham,odell beckham,WR,00-0031235,BeckOd00,2014.0,2022.0
1045,Stefon Diggs,stefon diggs,stefon diggs,WR,00-0031588,DiggSt00,2015.0,2022.0
1046,Adam Thielen,adam thielen,adam thielen,WR,00-0030035,ThieAd00,2014.0,2022.0
1047,Isaiah McKenzie,isaiah mckenzie,isaiah mckenzie,WR,00-0033466,McKeIs00,2017.0,2022.0
1048,Irv Smith,irv smith,irv smith,TE,00-0034970,SmitIr01,2019.0,2022.0
1049,Russell Wilson,russell wilson,russell wilson,QB,00-0029263,WilsRu00,2012.0,2022.0
1050,Alvin Kamara,alvin kamara,alvin kamara,RB,00-0033906,KamaAl00,2017.0,2022.0
1051,Jalen Tolbert,jalen tolbert,jalen tolbert,WR,00-0037666,TolbJa00,2022.0,2022.0
1052,Jonathan Taylor,jonathan taylor,jonathan taylor,RB,00-0036223,TaylJo02,2020.0,2022.0
1053,Cooper Kupp,cooper kupp,cooper kupp,WR,00-0033908,KuppCo00,2017.0,2022.0
1054,Antonio Gibson,antonio gibson,antonio gibson,RB,00-0036328,GibsAn00,2020.0,2022.0
1055,Kyler Murray,kyler murray,kyler murray,QB,00-0035228,MurrKy00,2019.0,2022.0
1056,Allen Robinson,allen robinson,allen robinson,WR,00-0031428,RobiAl02,2014.0,2022.0
1057,Dalton Schultz,dalton schultz,dalton schultz,TE,00-0034383,SchuDa00,2018.0,2022.0
1058,Saquon Barkley,saquon barkley,saquon barkley,RB,00-0034844,BarkSa00,2018.0,2022.0
1059,Albert Okwuegbunam,albert okwuegbunam,albert okwuegbunam,TE,00-0036423,OkwuAl00,2020.0,2022.0
1060,DJ Chark,dj chark,dj chark,WR,00-0034777,CharDJ00,2018.0,2022.0
1061,Isaiah Spiller,isaiah spiller,isaiah spiller,RB,00-0038045,SpilIs00,2022.0,2022.0
1062,Khalil Herbert,khalil herbert,khalil herbert,RB,00-0036906,HerbKh00,2021.0,2022.0
1063,Deebo Samuel,deebo samuel,deebo samuel,WR,00-0035719,SamuDe00,2019.0,2022.0
1064,Mike Williams,mike williams,mike williams,WR,00-0033536,WillMi07,2017.0,2022.0
1065,Breece Hall,breece hall,breece hall,RB,00-0038120,HallBr03,2022.0,2022.0
1066,Deshaun Watson,deshaun watson,deshaun watson,QB,00-0033537,WatsDe00,2017.0,2022.0
1067,Keenan Allen,keenan allen,keenan allen,WR,00-0030279,AlleKe00,2013.0,2022.0
1068,Bryan Edwards,bryan edwards,bryan edwards,WR,00-0036365,EdwaBr01,2020.0,2022.0
1069,JuJu Smith-Schuster,juju smith-schuster,juju smith-schuster,WR,00-0033857,SmitJu00,2017.0,2022.0
1070,Trey Sermon,trey sermon,trey sermon,RB,00-0036984,SermTr00,2021.0,2022.0
1071,David Bell,david bell,david bell,WR,00-0037257,BellDa02,2022.0,2022.0
1072,Devin Singletary,devin singletary,devin singletary,RB,00-0035250,SingDe00,2019.0,2022.0
1073,Dak Prescott,dak prescott,dak prescott,QB,00-0033077,PresDa01,2016.0,2022.0
1074,Zay Jones,zay jones,zay jones,WR,00-0033891,JoneZa00,2017.0,2022.0
1075,AJ Dillon,aj dillon,aj dillon,RB,00-0036265,DillAJ00,2020.0,2022.0
1076,Michael Gallup,michael gallup,michael gallup,WR,00-0034764,GallMi00,2018.0,2022.0
1077,Mac Jones,mac jones,mac jones,QB,00-0036972,JoneMa05,2021.0,2022.0
1078,Isiah Pacheco,isiah pacheco,isiah pacheco,RB,00-0037197,PachIs00,2022.0,2022.0
1079,Garrett Wilson,garrett wilson,garrett wilson,WR,00-0037740,WilsGa00,2022.0,2022.0
1080,Brevin Jordan,brevin jordan,brevin jordan,TE,00-0036556,JordBr00,2021.0,2022.0
1081,Daniel Jones,daniel jones,daniel jones,QB,00-0035710,JoneDa05,2019.0,2022.0
1082,Dameon Pierce,dameon pierce,dameon pierce,RB,00-0037258,PierDa01,2022.0,2022.0
1083,Brian Robinson,brian robinson,brian robinson,RB,00-0037746,RobiBr01,2022.0,2022.0
1084,David Montgomery,david montgomery,david montgomery,RB,00-0035685,MontDa01,2019.0,2022.0
1085,Wan'Dale Robinson,wandale robinson,wandale robinson,WR,00-0038117,RobiWa01,2022.0,2022.0
1086,D'Ernest Johnson,dernest johnson,dernest johnson,RB,00-0035628,JohnDE04,2019.0,2022.0
1087,Dallas Goedert,dallas goedert,dallas goedert,TE,00-0034351,GoedDa00,2018.0,2022.0
1088,Zamir White,zamir white,zamir white,RB,00-0038040,WhitZa01,2022.0,2022.0
1089,Josh Allen,josh allen,josh allen,QB,00-0034857,AlleJo02,2018.0,2022.0
1090,Trey Lance,trey lance,trey lance,QB,00-0037012,LancTr00,2021.0,2022.0
1091,Chase Edmonds,chase edmonds,chase edmonds,RB,00-0034681,EdmoCh00,2018.0,2022.0
1092,Mike Evans,mike evans,mike evans,WR,00-0031408,EvanMi00,2014.0,2022.0
1093,Robert Woods,robert woods,robert woods,WR,00-0030431,WoodRo02,2013.0,2022.0
1094,Christian Watson,christian watson,christian watson,WR,00-0038124,WatsCh00,2022.0,2022.0
1095,Mark Ingram,mark ingram,mark ingram,RB,00-0027966,IngrMa01,2011.0,2022.0
1096,Kyren Williams,kyren williams,kyren williams,RB,00-0037840,WillKy02,2022.0,2022.0
1097,Isaiah Likely,isaiah likely,isaiah likely,TE,00-0037838,LikeIs00,2022.0,2022.0
1098,Cam Akers,cam akers,cam akers,RB,00-0036414,AkerCa00,2020.0,2022.0
1099,Jared Goff,jared goff,jared goff,QB,00-0033106,GoffJa00,2016.0,2022.0
1100,Brandon Aiyuk,brandon aiyuk,brandon aiyuk,WR,00-0036261,AiyuBr00,2020.0,2022.0
1101,Rachaad White,rachaad white,rachaad white,RB,00-0037256,WhitRa01,2022.0,2022.0
1102,Marlon Mack,marlon mack,marlon mack,RB,00-0033951,MackMa00,2017.0,2022.0
1103,Rhamondre Stevenson,rhamondre stevenson,rhamondre stevenson,RB,00-0036875,StevRh00,2021.0,2022.0
1104,Jarvis Landry,jarvis landry,jarvis landry,WR,00-0031382,LandJa00,2014.0,2022.0
1105,Matt Ryan,matt ryan,matt ryan,QB,00-0026143,RyanMa00,2008.0,2022.0
1106,Kirk Cousins,kirk cousins,kirk cousins,QB,00-0029604,CousKi00,2012.0,2022.0
1107,Allen Lazard,allen lazard,allen lazard,WR,00-0034521,LazaAl00,2018.0,2022.0
1108,DeAndre Hopkins,deandre hopkins,deandre hopkins,WR,00-0030564,HopkDe00,2013.0,2022.0
1109,Alec Pierce,alec pierce,alec pierce,WR,00-0037664,PierAl00,2022.0,2022.0
1110,Chris Godwin,chris godwin,chris godwin,WR,00-0033921,GodwCh00,2017.0,2022.0
1111,Tom Brady,tom brady,tom brady,QB,00-0019596,BradTo00,2000.0,2022.0
1112,K.J. Osborn,kj osborn,kj osborn,WR,00-0036345,OsboKJ00,2020.0,2022.0
1113,Romeo Doubs,romeo doubs,romeo doubs,WR,00-0037816,DoubRo00,2022.0,2022.0
1114,Gerald Everett,gerald everett,gerald everett,TE,00-0033895,EverGe00,2017.0,2022.0
1115,Sammy Watkins,sammy watkins,sammy watkins,WR,00-0031325,WatkSa00,2014.0,2022.0
1116,Tee Higgins,tee higgins,tee higgins,WR,00-0036410,HiggTe00,2020.0,2022.0
1117,Kyle Pitts,kyle pitts,kyle pitts,TE,00-0036970,PittKy00,2021.0,2022.0
1118,Jameis Winston,jameis winston,jameis winston,QB,00-0031503,WinsJa00,2015.0,2022.0
1119,Michael Thomas,michael thomas,michael thomas,WR,00-0032765,ThomMi05,2016.0,2022.0
1120,Darrell Henderson,darrell henderson,darrell henderson,RB,00-0035664,HendDa00,2019.0,2022.0
1121,Justin Herbert,justin herbert,justin herbert,QB,00-0036355,HerbJu00,2020.0,2022.0
1122,Travis Etienne,travis etienne,travis etienne,RB,00-0036973,EtieTr00,2021.0,2022.0
1123,Nyheim Hines,nyheim hines,nyheim hines,RB,00-0034367,HineNy00,2018.0,2022.0
1124,George Pickens,george pickens,george pickens,WR,00-0037247,PickGe00,2022.0,2022.0
1125,Russell Gage,russell gage,russell gage,WR,00-0034411,GageRu00,2018.0,2022.0
1126,Austin Ekeler,austin ekeler,austin ekeler,RB,00-0033699,EkelAu00,2017.0,2022.0
1127,D'Andre Swift,dandre swift,dandre swift,RB,00-0036275,SwifDA00,2020.0,2022.0
1128,A.J. Brown,aj brown,aj brown,WR,00-0035676,BrowAJ00,2019.0,2022.0
1129,Kyle Philips,kyle philips,kyle philips,WR,00-0037273,PhilKy01,2022.0,2022.0
1130,Evan Engram,evan engram,evan engram,TE,00-0033881,EngrEv00,2017.0,2022.0
1131,Marquez Valdes-Scantling,marquez valdes-scantling,marquez valdes-scantling,WR,00-0034272,ValdMa00,2018.0,2022.0
1132,Elijah Mitchell,elijah mitchell,elijah mitchell,RB,00-0036567,MitcEl00,2021.0,2022.0
1133,Marvin Jones,marvin jones,marvin jones,WR,00-0029293,JoneMa02,2012.0,2022.0
1134,Jamaal Williams,jamaal williams,jamaal williams,RB,00-0033948,WillJa06,2017.0,2022.0
1135,Diontae Johnson,diontae johnson,diontae johnson,WR,00-0035216,JohnDi01,2019.0,2022.0
1136,Trevor Lawrence,trevor lawrence,trevor lawrence,QB,00-0036971,LawrTr00,2021.0,2022.0
1137,Jerry Jeudy,jerry jeudy,jerry jeudy,WR,00-0036407,JeudJe00,2020.0,2022.0
1138,Derrick Henry,derrick henry,derrick henry,RB,00-0032764,HenrDe00,2016.0,2022.0
1139,Jamison Crowder,jamison crowder,jamison crowder,WR,00-0031941,CrowJa00,2015.0,2022.0
1140,Alexander Mattison,alexander mattison,alexander mattison,RB,00-0034972,MattAl01,2019.0,2022.0
1141,Robbie Anderson,robbie anderson,robbie anderson,WR,00-0032688,AndeRo04,2016.0,2022.0
1142,Tyreek Hill,tyreek hill,tyreek hill,WR,00-0033040,HillTy00,2016.0,2022.0
1143,Kenyan Drake,kenyan drake,kenyan drake,RB,00-0033118,DrakKe00,2016.0,2022.0
1144,Benny Snell,benny snell,benny snell,RB,00-0035217,SnelBe00,2019.0,2022.0
1145,Darnell Mooney,darnell mooney,darnell mooney,WR,00-0036309,MoonDa00,2020.0,2022.0
1146,Joe Burrow,joe burrow,joe burrow,QB,00-0036442,BurrJo01,2020.0,2022.0
1147,Leonard Fournette,leonard fournette,leonard fournette,RB,00-0033856,FourLe00,2017.0,2022.0
1148,Tua Tagovailoa,tua tagovailoa,tua tagovailoa,QB,00-0036212,TagoTu00,2020.0,2022.0
1149,Tyler Boyd,tyler boyd,tyler boyd,WR,00-0033009,BoydTy00,2016.0,2022.0
1150,Davis Mills,davis mills,davis mills,QB,00-0036898,MillDa02,2021.0,2022.0
1151,Cole Kmet,cole kmet,cole kmet,TE,00-0036290,KmetCo00,2020.0,2022.0
1152,Tyrion Davis-Price,tyrion davis-price,tyrion davis-price,RB,00-0037827,DaviTy03,2022.0,2022.0
1153,T.J. Hockenson,tj hockenson,tj hockenson,TE,00-0035229,HockTJ00,2019.0,2022.0
1154,Kareem Hunt,kareem hunt,kareem hunt,RB,00-0033923,HuntKa00,2017.0,2022.0
1155,Van Jefferson,van jefferson,van jefferson,WR,00-0036415,JeffVa00,2020.0,2022.0
1156,George Kittle,george kittle,george kittle,TE,00-0033288,KittGe00,2017.0,2022.0
1157,Ronald Jones,ronald jones,ronald jones,RB,00-0034816,JoneRo01,2018.0,2022.0
1158,John Metchie,john metchie,john metchie,WR,00-0037614,MetcJo00,2022.0,2022.0
1159,Zach Wilson,zach wilson,zach wilson,QB,00-0037013,WilsZa00,2021.0,2022.0
1160,Tim Patrick,tim patrick,tim patrick,WR,00-0033375,PatrTi00,2017.0,2022.0
1161,D'Onta Foreman,donta foreman,donta foreman,RB,00-0033925,ForeDO00,2017.0,2022.0
1162,Chris Evans,chris evans,chris evans,RB,00-0036857,EvanCh02,2021.0,2022.0
1163,Hassan Haskins,hassan haskins,hassan haskins,RB,00-0037617,HaskHa00,2022.0,2022.0
1164,James Washington,james washington,james washington,WR,00-0034676,WashJa00,2018.0,2022.0
1165,Cade Otton,cade otton,cade otton,TE,00-0038129,OttoCa00,2022.0,2022.0
1166,Matt Breida,matt breida,matt breida,RB,00-0033308,BreiMa00,2017.0,2022.0
1167,Kennedy Brooks,kennedy brooks,kennedy brooks,RB,00-0037131,,2022.0,2022.0
1168,Carson Wentz,carson wentz,carson wentz,QB,00-0032950,WentCa00,2016.0,2022.0
1169,Mo Alie-Cox,mo alie-cox,mo alie-cox,TE,00-0033217,AlieMo00,2017.0,2022.0
1170,William Fuller,william fuller,william fuller,WR,00-0033127,FullWi01,2016.0,2022.0
1171,Curtis Samuel,curtis samuel,curtis samuel,WR,00-0033282,SamuCu00,2017.0,2022.0
1172,Sony Michel,sony michel,sony michel,RB,00-0034845,MichSo00,2018.0,2022.0
1173,Gus Edwards,gus edwards,gus edwards,RB,00-0034184,EdwaGu00,2018.0,2022.0
1174,Dontrell Hilliard,dontrell hilliard,dontrell hilliard,RB,00-0034253,HillDo00,2018.0,2022.0
1175,Kendrick Bourne,kendrick bourne,kendrick bourne,WR,00-0033307,BourKe00,2017.0,2022.0
1176,Terrace Marshall,terrace marshall,terrace marshall,WR,00-0036955,MarsTe00,2021.0,2022.0
1177,Donovan Peoples-Jones,donovan peoples-jones,donovan peoples-jones,WR,00-0036233,PeopDo00,2020.0,2022.0
1178,Velus Jones,velus jones,velus jones,WR,00-0037745,JoneVe00,2022.0,2022.0
1179,Tyquan Thornton,tyquan thornton,tyquan thornton,WR,00-0038104,ThorTy00,2022.0,2022.0
1180,Ashton Dulin,ashton dulin,ashton dulin,WR,00-0035021,DuliAs00,2019.0,2022.0
1181,Ameer Abdullah,ameer abdullah,ameer abdullah,RB,00-0032104,AbduAm00,2015.0,2022.0
1182,Cedrick Wilson,cedrick wilson,cedrick wilson,WR,00-0034418,WilsCe01,2018.0,2022.0
1183,Adam Trautman,adam trautman,adam trautman,TE,00-0036422,TrauAd00,2020.0,2022.0
1184,John Bates,john bates,john bates,TE,00-0036628,BateJo00,2021.0,2022.0
1185,Byron Pringle,byron pringle,byron pringle,WR,00-0034297,PrinBy00,2018.0,2022.0
1186,Kyle Rudolph,kyle rudolph,kyle rudolph,TE,00-0027981,RudoKy00,2011.0,2022.0
1187,Laviska Shenault,laviska shenault,laviska shenault,WR,00-0036268,ShenLa00,2020.0,2022.0
1188,Marcus Mariota,marcus mariota,marcus mariota,QB,00-0032268,MariMa01,2015.0,2022.0
1189,Amari Rodgers,amari rodgers,amari rodgers,WR,00-0036991,RodgAm00,2021.0,2022.0
1190,Jimmy Garoppolo,jimmy garoppolo,jimmy garoppolo,QB,00-0031345,GaroJi00,2014.0,2022.0
1191,Foster Moreau,foster moreau,foster moreau,TE,00-0034981,MoreFo00,2019.0,2022.0
1192,Danny Gray,danny gray,danny gray,WR,00-0037828,GrayDa02,2022.0,2022.0
1193,Jaylen Warren,jaylen warren,jaylen warren,RB,00-0037228,WarrJa01,2022.0,2022.0
1194,Khalil Shakir,khalil shakir,khalil shakir,WR,00-0037261,ShakKh00,2022.0,2022.0
1195,Zack Moss,zack moss,zack moss,RB,00-0036251,MossZa00,2020.0,2022.0
1196,Kenny Pickett,kenny pickett,kenny pickett,QB,00-0038102,PickKe00,2022.0,2022.0
1197,Mitch Trubisky,mitch trubisky,mitch trubisky,QB,00-0033869,TrubMi00,2017.0,2022.0
1198,Rob Gronkowski,rob gronkowski,rob gronkowski,TE,00-0027656,GronRo00,2010.0,2022.0
1199,Justyn Ross,justyn ross,justyn ross,WR,00-0037216,RossJu00,2022.0,2022.0
1200,Matt Corral,matt corral,matt corral,QB,00-0038132,CorrMa00,2022.0,2022.0
1201,Tylan Wallace,tylan wallace,tylan wallace,WR,00-0036630,WallTy00,2021.0,2022.0
1202,Desmond Ridder,desmond ridder,desmond ridder,QB,00-0038122,RiddDe00,2022.0,2022.0
1203,Sterling Shepard,sterling shepard,sterling shepard,WR,00-0032385,ShepSt00,2016.0,2022.0
1204,James White,james white,james white,RB,00-0031062,WhitJa02,2014.0,2022.0
1205,Chuba Hubbard,chuba hubbard,chuba hubbard,RB,00-0036555,HubbCh01,2021.0,2022.0
1206,Snoop Conner,snoop conner,snoop conner,RB,00-0037265,ConnSn00,2022.0,2022.0
1207,Justin Watson,justin watson,justin watson,WR,00-0034386,WatsJu01,2018.0,2022.0
1208,Travis Homer,travis homer,travis homer,RB,00-0035594,HomeTr00,2019.0,2022.0
1209,Jonnu Smith,jonnu smith,jonnu smith,TE,00-0033858,SmitJo01,2017.0,2022.0
1210,Julius Chestnut,julius chestnut,julius chestnut,RB,00-0037594,ChesJu00,2022.0,2022.0
1211,Joshua Kelley,joshua kelley,joshua kelley,RB,00-0036370,KellJo01,2020.0,2022.0
1212,Boston Scott,boston scott,boston scott,RB,00-0034414,ScotBo02,2018.0,2022.0
1213,Ty Montgomery,ty montgomery,ty montgomery,WR,00-0032200,MontTy01,2015.0,2022.0
1214,Josiah Deguara,josiah deguara,josiah deguara,TE,00-0036332,DeguJo00,2020.0,2022.0
1215,Daniel Bellinger,daniel bellinger,daniel bellinger,TE,00-0038115,BellDa00,2022.0,2022.0
1216,Demarcus Robinson,demarcus robinson,demarcus robinson,WR,00-0032775,RobiDe01,2016.0,2022.0
1217,Samaje Perine,samaje perine,samaje perine,RB,00-0033526,PeriSa00,2017.0,2022.0
1218,Erik Ezukanma,erik ezukanma,erik ezukanma,WR,00-0038092,EzukEr00,2022.0,2022.0
1219,Montrell Washington,montrell washington,montrell washington,WR,00-0037272,WashMo00,2022.0,2022.0
1220,Keaontay Ingram,keaontay ingram,keaontay ingram,RB,00-0037299,IngrKe01,2022.0,2022.0
1221,Braxton Berrios,braxton berrios,braxton berrios,WR,00-0034419,BerrBr00,2018.0,2022.0
1222,Jamal Agnew,jamal agnew,jamal agnew,WR,00-0033572,AgneJa00,2017.0,2022.0
1223,Rashard Higgins,rashard higgins,rashard higgins,WR,00-0032977,HiggRa00,2016.0,2022.0
1224,Nelson Agholor,nelson agholor,nelson agholor,WR,00-0031549,AghoNe00,2015.0,2022.0
1225,Rex Burkhead,rex burkhead,rex burkhead,RB,00-0030288,BurkRe00,2013.0,2022.0
1226,Noah Brown,noah brown,noah brown,WR,00-0033591,BrowNo00,2017.0,2022.0
1227,Quez Watkins,quez watkins,quez watkins,WR,00-0036271,WatkQu00,2020.0,2022.0
1228,Jalen Guyton,jalen guyton,jalen guyton,WR,00-0035414,GuytJa01,2019.0,2022.0
1229,Ricky Seals-Jones,ricky seals-jones,ricky seals-jones,TE,00-0033611,SealRi00,2017.0,2022.0
1230,Deon Jackson,deon jackson,deon jackson,RB,00-0036493,JackDe02,2021.0,2022.0
1231,O.J. Howard,oj howard,oj howard,TE,00-0033879,HowaO.00,2017.0,2022.0
1232,Jauan Jennings,jauan jennings,jauan jennings,WR,00-0036259,JennJa00,2020.0,2022.0
1233,Ty Chandler,ty chandler,ty chandler,RB,00-0037276,ChanTy01,2022.0,2022.0
1234,Calvin Austin,calvin austin,calvin austin,WR,00-0037837,AustCa00,2022.0,2022.0
1235,Greg Dulcich,greg dulcich,greg dulcich,TE,00-0037252,DulcGr00,2022.0,2022.0
1236,Denzel Mims,denzel mims,denzel mims,WR,00-0036255,MimsDe00,2020.0,2022.0
1237,Tyler Badie,tyler badie,tyler badie,RB,00-0037085,BadiTy00,2022.0,2022.0
1238,Harrison Bryant,harrison bryant,harrison bryant,TE,00-0036232,BryaHa00,2020.0,2022.0
1239,Olamide Zaccheaus,olamide zaccheaus,olamide zaccheaus,WR,00-0035208,ZaccOl01,2019.0,2022.0
1240,Josh Reynolds,josh reynolds,josh reynolds,WR,00-0033943,ReynJo00,2017.0,2022.0
1241,Jacoby Brissett,jacoby brissett,jacoby brissett,QB,00-0033119,BrisJa00,2016.0,2022.0
1242,Darius Slayton,darius slayton,darius slayton,WR,00-0035535,SlayDa01,2019.0,2022.0
1243,Equanimeous St. Brown,equanimeous st brown,equanimeous st brown,WR,00-0034279,St.BEq00,2018.0,2022.0
1244,Blaine Gabbert,blaine gabbert,blaine gabbert,QB,00-0027948,GabbBl00,2011.0,2022.0
1245,Josh Gordon,josh gordon,josh gordon,WR,00-0029664,,2012.0,2022.0
1246,C.J. Uzomah,cj uzomah,cj uzomah,TE,00-0032134,UzomC.00,2015.0,2022.0
1247,Tommy Tremble,tommy tremble,tommy tremble,TE,00-0037005,TremTo00,2021.0,2022.0
1248,James Proche,james proche,james proche,WR,00-0036133,ProcJa00,2020.0,2022.0
1249,Ke'Shawn Vaughn,keshawn vaughn,keshawn vaughn,RB,00-0036450,VaugKe00,2020.0,2022.0
1250,Abram Smith,abram smith,abram smith,RB,00-0037546,,2022.0,2022.0
1251,Emmanuel Sanders,emmanuel sanders,emmanuel sanders,WR,00-0027685,SandEm00,2010.0,2022.0
1252,Jody Fortson,jody fortson,jody fortson,TE,00-0035547,FortJo01,2019.0,2022.0
1253,Trestan Ebner,trestan ebner,trestan ebner,RB,00-0037087,EbneTr00,2022.0,2022.0
1254,Trey McBride,trey mcbride,trey mcbride,TE,00-0037744,McBrTr01,2022.0,2022.0
1255,Geno Smith,geno smith,geno smith,QB,00-0030565,SmitGe00,2013.0,2022.0
1256,Myles Gaskin,myles gaskin,myles gaskin,RB,00-0035311,GaskMy00,2019.0,2022.0
1257,Auden Tate,auden tate,auden tate,WR,00-0034686,TateAu00,2018.0,2022.0
1258,Tyler Johnson,tyler johnson,tyler johnson,WR,00-0036427,JohnTy00,2020.0,2022.0
1259,Kendall Blanton,kendall blanton,kendall blanton,TE,00-0035603,BlanKe01,2019.0,2022.0
1260,Donald Parham,donald parham,donald parham,TE,00-0035329,ParhDo00,2019.0,2022.0
1261,Tajae Sharpe,tajae sharpe,tajae sharpe,WR,00-0032778,SharTa00,2016.0,2022.0
1262,Andy Isabella,andy isabella,andy isabella,WR,00-0035527,IsabAn00,2019.0,2022.0
1263,Cole Beasley,cole beasley,cole beasley,WR,00-0029000,BeasCo00,2012.0,2022.0
1264,Tyler Huntley,tyler huntley,tyler huntley,QB,00-0035993,HuntTy01,2020.0,2022.0
1265,Antonio Williams,antonio williams,antonio williams,RB,00-0036188,WillAn03,2020.0,2022.0
1266,Jared Bernhardt,jared bernhardt,jared bernhardt,QB,00-0037580,BernJa00,2022.0,2022.0
1267,Jelani Woods,jelani woods,jelani woods,TE,00-0037755,WoodJe01,2022.0,2022.0
1268,Pierre Strong,pierre strong,pierre strong,RB,00-0038098,StroPi00,2022.0,2022.0
1269,Sam Darnold,sam darnold,sam darnold,QB,00-0034869,DarnSa00,2018.0,2022.0
1270,Greg Dortch,greg dortch,greg dortch,WR,00-0035500,DortGr01,2019.0,2022.0
1271,Chris Conley,chris conley,chris conley,WR,00-0032128,ConlCh00,2015.0,2022.0
1272,Jalen Reagor,jalen reagor,jalen reagor,WR,00-0036387,ReagJa00,2020.0,2022.0
1273,Tyler Davis,tyler davis,tyler davis,TE,00-0036250,DaviTy02,2020.0,2022.0
1274,Anthony Schwartz,anthony schwartz,anthony schwartz,WR,00-0036999,SchwAn00,2021.0,2022.0
1275,Damien Williams,damien williams,damien williams,RB,00-0030874,WillDa05,2014.0,2022.0
1276,Chris Carson,chris carson,chris carson,RB,00-0033594,CarsCh00,2017.0,2022.0
1277,Jared Cook,jared cook,jared cook,TE,00-0027061,CookJa02,2009.0,2022.0
1278,Ihmir Smith-Marsette,ihmir smith-marsette,ihmir smith-marsette,WR,00-0036635,SmitIh00,2021.0,2022.0
1279,Dan Arnold,dan arnold,dan arnold,TE,00-0034011,ArnoDa00,2017.0,2022.0
1280,Dante Pettis,dante pettis,dante pettis,WR,00-0034860,PettDa00,2018.0,2022.0
1281,Keelan Cole,keelan cole,keelan cole,WR,00-0033681,ColeKe00,2017.0,2022.0
1282,Mack Hollins,mack hollins,mack hollins,WR,00-0033555,HollMa00,2017.0,2022.0
1283,Marquez Callaway,marquez callaway,marquez callaway,WR,00-0036219,CallMa01,2020.0,2022.0
1284,Tyron Johnson,tyron johnson,tyron johnson,WR,00-0035457,JohnTy03,2019.0,2022.0
1285,Quintez Cephus,quintez cephus,quintez cephus,WR,00-0036277,CephQu00,2020.0,2022.0
1286,Tony Jones,tony jones,tony jones,RB,00-0035860,JoneTo04,2020.0,2022.0
1287,Laquon Treadwell,laquon treadwell,laquon treadwell,WR,00-0032951,TreaLa00,2016.0,2022.0
1288,Cyril Grayson,cyril grayson,cyril grayson,WR,00-0033215,,2017.0,2022.0
1289,Tutu Atwell,tutu atwell,tutu atwell,WR,00-0036849,AtweTu00,2021.0,2022.0
1290,Antoine Wesley,antoine wesley,antoine wesley,WR,00-0035126,,2019.0,2022.0
1291,Jerome Ford,jerome ford,jerome ford,RB,00-0037267,FordJe00,2022.0,2022.0
1292,Giovani Bernard,giovani bernard,giovani bernard,RB,00-0030456,BernGi00,2013.0,2022.0
1293,Kene Nwangwu,kene nwangwu,kene nwangwu,RB,00-0036842,NwanKe00,2021.0,2022.0
1294,Breshad Perriman,breshad perriman,breshad perriman,WR,00-0032054,PerrBr02,2015.0,2022.0
1295,Charlie Kolar,charlie kolar,charlie kolar,TE,00-0038046,KolaCh00,2022.0,2022.0
1296,Drew Lock,drew lock,drew lock,QB,00-0035704,LockDr00,2019.0,2022.0
1297,N'Keal Harry,nkeal harry,nkeal harry,WR,00-0035624,HarrNK00,2019.0,2022.0
1298,Gardner Minshew,gardner minshew,gardner minshew,QB,00-0035289,MinsGa00,2019.0,2022.0
1299,Scotty Miller,scotty miller,scotty miller,WR,00-0035298,MillSc01,2019.0,2022.0
1300,Phillip Lindsay,phillip lindsay,phillip lindsay,RB,00-0034109,LindPh00,2018.0,2022.0
1301,Derrick Gore,derrick gore,derrick gore,RB,00-0035715,,2019.0,2022.0
1302,Tyler Goodson,tyler goodson,tyler goodson,RB,00-0037120,,2022.0,2022.0
1303,Dyami Brown,dyami brown,dyami brown,WR,00-0036626,BrowDy00,2021.0,2022.0
1304,Jonathan Williams,jonathan williams,jonathan williams,RB,00-0032975,WillJo07,2016.0,2022.0
1305,Teddy Bridgewater,teddy bridgewater,teddy bridgewater,QB,00-0031237,BridTe00,2014.0,2022.0
1306,Chigoziem Okonkwo,chigoziem okonkwo,chigoziem okonkwo,TE,00-0037809,OkonCh00,2022.0,2022.0
1307,Jermar Jefferson,jermar jefferson,jermar jefferson,RB,00-0036670,JeffJe00,2021.0,2022.0
1308,Anthony McFarland,anthony mcfarland,anthony mcfarland,RB,00-0036336,McFaAn00,2020.0,2022.0
1309,Raheem Blackshear,raheem blackshear,raheem blackshear,RB,00-0037429,BlacRa00,2022.0,2022.0
1310,Lynn Bowden,lynn bowden,lynn bowden,WR,00-0036364,BowdLy00,2020.0,2022.0
1311,Colin Kaepernick,colin kaepernick,colin kaepernick,QB,00-0027974,KaepCo00,2011.0,2022.0
1312,Cam Sims,cam sims,cam sims,WR,00-0034104,SimsCa00,2018.0,2022.0
1313,Simi Fehoko,simi fehoko,simi fehoko,WR,00-0036646,FehoSi00,2021.0,2022.0
1314,DeeJay Dallas,deejay dallas,deejay dallas,RB,00-0036425,DallDe00,2020.0,2022.0
1315,Dez Bryant,dez bryant,dez bryant,WR,00-0027902,BryaDe01,2010.0,2022.0
1316,Deonte Harty,deonte harty,deonte harty,WR,00-0035215,HarrDe07,2019.0,2022.0
1317,Brandon Johnson,brandon johnson,brandon johnson,WR,00-0037382,JohnBr23,2022.0,2022.0
1318,Sam Howell,sam howell,sam howell,QB,00-0037077,HoweSa00,2022.0,2022.0
1319,Drew Sample,drew sample,drew sample,TE,00-0035631,SampDr00,2019.0,2022.0
1320,Ray-Ray McCloud,ray-ray mccloud,ray-ray mccloud,WR,00-0034407,McClRa00,2018.0,2022.0
1321,Juwan Johnson,juwan johnson,juwan johnson,TE,00-0036040,JohnJu02,2020.0,2022.0
1322,T.J. Vasher,tj vasher,tj vasher,WR,00-0036776,,2021.0,2022.0
1323,Zach Pascal,zach pascal,zach pascal,WR,00-0033251,PascZa00,2017.0,2022.0
1324,Shi Smith,shi smith,shi smith,WR,00-0036572,SmitSh03,2021.0,2022.0
1325,Antonio Brown,antonio brown,antonio brown,WR,00-0027793,BrowAn04,2010.0,2022.0
1326,Dennis Houston,dennis houston,dennis houston,WR,00-0037570,HousDe01,2022.0,2022.0
1327,Kylen Granson,kylen granson,kylen granson,TE,00-0036876,GranKy00,2021.0,2022.0
1328,Jalen Nailor,jalen nailor,jalen nailor,WR,00-0037291,NailJa00,2022.0,2022.0
1329,Joe Flacco,joe flacco,joe flacco,QB,00-0026158,FlacJo00,2008.0,2022.0
1330,Pharaoh Brown,pharaoh brown,pharaoh brown,TE,00-0033439,BrowPh01,2017.0,2022.0
1331,Justice Hill,justice hill,justice hill,RB,00-0034975,HillJu00,2019.0,2022.0
1332,Justin Jackson,justin jackson,justin jackson,RB,00-0034440,JackJu01,2018.0,2022.0
1333,Ben Skowronek,ben skowronek,ben skowronek,WR,00-0036862,SkowBe00,2021.0,2022.0
1334,DeAndre Carter,deandre carter,deandre carter,WR,00-0031763,CartDe02,2015.0,2022.0
1335,Dez Fitzpatrick,dez fitzpatrick,dez fitzpatrick,WR,00-0036627,FitzDe00,2021.0,2022.0
1336,Derrius Guice,derrius guice,derrius guice,RB,00-0034358,GuicDe00,2018.0,2022.0
1337,Cam Newton,cam newton,cam newton,QB,00-0027939,NewtCa00,2011.0,2022.0
1338,Demetric Felton,demetric felton,demetric felton,RB,00-0036654,FeltDe00,2021.0,2022.0
1339,Jake Funk,jake funk,jake funk,RB,00-0036860,FunkJa00,2021.0,2022.0
1340,Will Dissly,will dissly,will dissly,TE,00-0034159,DissWi00,2018.0,2022.0
1341,Craig Reynolds,craig reynolds,craig reynolds,RB,00-0035567,ReynCr00,2019.0,2022.0
1342,Chris Moore,chris moore,chris moore,WR,00-0032398,MoorCh00,2016.0,2022.0
1343,Phillip Dorsett,phillip dorsett,phillip dorsett,WR,00-0032208,DorsPh00,2015.0,2022.0
1344,Stanley Morgan,stanley morgan,stanley morgan,WR,00-0035399,MorgSt02,2019.0,2022.0
1345,Maxx Williams,maxx williams,maxx williams,TE,00-0031558,WillMa04,2015.0,2022.0
1346,Mike Strachan,mike strachan,mike strachan,WR,00-0036482,StraMi03,2021.0,2022.0
1347,Tre'Quan Smith,trequan smith,trequan smith,WR,00-0034765,SmitTr03,2018.0,2022.0
1348,Colt McCoy,colt mccoy,colt mccoy,QB,00-0027688,McCoCo00,2010.0,2022.0
1349,Gunner Olszewski,gunner olszewski,gunner olszewski,WR,00-0035645,OlszGu00,2019.0,2022.0
1350,Brycen Hopkins,brycen hopkins,brycen hopkins,TE,00-0036424,HopkBr01,2020.0,2022.0
1351,ZaQuandre White,zaquandre white,,,,,,2022.0
1352,Alexander Hollins,alexander hollins,alexander hollins,WR,00-0035104,HollAl00,2019.0,2022.0
1353,Jacob Hollister,jacob hollister,jacob hollister,TE,00-0033387,HollJa03,2017.0,2022.0
1354,Chad Henne,chad henne,chad henne,QB,00-0026197,HennCh01,2008.0,2022.0
1355,Jaelon Darden,jaelon darden,jaelon darden,WR,00-0036877,DardJa00,2021.0,2022.0
1356,Jake Ferguson,jake ferguson,jake ferguson,TE,00-0038041,FergJa00,2022.0,2022.0
1357,Brandon Bolden,brandon bolden,brandon bolden,RB,00-0029239,BoldBr00,2012.0,2022.0
1358,Mike Boone,mike boone,mike boone,RB,00-0034208,BoonMi00,2018.0,2022.0
1359,Tyler Kroft,tyler kroft,tyler kroft,TE,00-0032214,KrofTy00,2015.0,2022.0
1360,Kyle Juszczyk,kyle juszczyk,kyle juszczyk,RB,00-0029892,JuszKy00,2013.0,2022.0
1361,Dee Eskridge,dee eskridge,dee eskridge,WR,00-0036620,EskrDW00,2021.0,2022.0
1362,Royce Freeman,royce freeman,royce freeman,RB,00-0034838,FreeRo00,2018.0,2022.0
1363,Ron Hunt,ron hunt,,,,,,2022.0
1364,Johnny Football,johnny football,johnny football,QB,00-0031409,ManzJo00,2014.0,2022.0
1365,Tony Romo,tony romo,tony romo,QB,00-0021678,,2003.0,2022.0
1366,Kalif Raymond,kalif raymond,kalif raymond,WR,00-0032464,RaymKa00,2016.0,2022.0
1367,Anthony Firkser,anthony firkser,anthony firkser,TE,00-0033455,FirkAn00,2018.0,2022.0
1368,Trent Sherfield,trent sherfield,trent sherfield,WR,00-0034487,SherTr00,2018.0,2022.0
1369,Jonathan Ward,jonathan ward,jonathan ward,RB,00-0035924,WardJo00,2020.0,2022.0
1370,Ty'Son Williams,tyson williams,tyson williams,RB,00-0036457,WillTy01,2020.0,2022.0
1371,Ryan Griffin,ryan griffin,ryan griffin,TE,00-0030108,GrifRy00,2013.0,2022.0
1372,Tyrod Taylor,tyrod taylor,tyrod taylor,QB,00-0028118,TaylTy00,2011.0,2022.0
1373,Kendall Hinton,kendall hinton,kendall hinton,WR,00-0035864,HintKe00,2020.0,2022.0
1374,Noah Gray,noah gray,noah gray,TE,00-0036637,GrayNo00,2021.0,2022.0
1375,DJ Turner,dj turner,dj turner,WR,00-0036527,,2021.0,2022.0
1376,Dare Ogunbowale,dare ogunbowale,dare ogunbowale,RB,00-0033854,OgunDa00,2017.0,2022.0
1377,Durham Smythe,durham smythe,durham smythe,TE,00-0034798,SmytDu00,2018.0,2022.0
1378,Mike Thomas,mike thomas,mike thomas,WR,00-0033114,ThomMi04,2016.0,2022.0
1379,Kevin Harris,kevin harris,kevin harris,RB,00-0037286,HarrKe01,2022.0,2022.0
1380,Richie James,richie james,richie james,WR,00-0034286,JameRi00,2018.0,2022.0
1381,Warren Jackson,warren jackson,warren jackson,WR,00-0036721,,2021.0,2022.0
1382,Calvin Ridley,calvin ridley,calvin ridley,WR,00-0034837,RidlCa00,2018.0,2022.0
1383,Tommy Sweeney,tommy sweeney,tommy sweeney,TE,00-0035308,SweeTo00,2019.0,2022.0
1384,T.Y. Hilton,ty hilton,ty hilton,WR,00-0029608,HiltT.00,2012.0,2022.0
1385,Jaret Patterson,jaret patterson,jaret patterson,RB,00-0036755,PattJa01,2021.0,2022.0
1386,Blake Bell,blake bell,blake bell,TE,00-0032062,BellBl00,2015.0,2022.0
1387,Tim Jones,tim jones,tim jones,WR,00-0036497,,2021.0,2022.0
1388,Dareke Young,dareke young,dareke young,WR,00-0037093,YounDa02,2022.0,2022.0
1389,Cole Turner,cole turner,cole turner,TE,00-0037078,TurnCo00,2022.0,2022.0
1390,Jordan Love,jordan love,jordan love,QB,00-0036264,LoveJo03,2020.0,2022.0
1391,Miles Boykin,miles boykin,miles boykin,WR,00-0035703,BoykMi00,2019.0,2022.0
1392,Jacob Harris,jacob harris,jacob harris,TE,00-0036918,HarrJa03,2021.0,2022.0
1393,Jerrion Ealy,jerrion ealy,,,,,,2022.0
1394,Jakeem Grant,jakeem grant,jakeem grant,WR,00-0032791,GranJa00,2016.0,2022.0
1395,Ryquell Armstead,ryquell armstead,ryquell armstead,RB,00-0035268,ArmsRy00,2019.0,2022.0
1396,Andrew Ogletree,andrew ogletree,andrew ogletree,TE,00-0037292,OgleAn00,2022.0,2022.0
1397,John Wolford,john wolford,john wolford,QB,00-0034899,,2018.0,2022.0
1398,Drew Brees,drew brees,drew brees,QB,00-0020531,BreeDr00,2001.0,2022.0
1399,Grant Calcaterra,grant calcaterra,grant calcaterra,TE,00-0037086,CalcGr00,2022.0,2022.0
1400,Duke Johnson,duke johnson,duke johnson,RB,00-0032257,JohnDu00,2015.0,2022.0
1401,David Johnson,david johnson,david johnson,RB,00-0032187,JohnDa08,2015.0,2022.0
1402,Derek Watt,derek watt,derek watt,RB,00-0032897,WattDe00,2016.0,2022.0
1403,Darrynton Evans,darrynton evans,darrynton evans,RB,00-0036297,EvanDa02,2020.0,2022.0
1404,J.J. Arcega-Whiteside,jj arcega-whiteside,jj arcega-whiteside,TE,00-0035246,ArceJJ00,2019.0,2022.0
1405,Devin Asiasi,devin asiasi,devin asiasi,TE,00-0036194,AsiaDe00,2020.0,2022.0
1406,David Sills,david sills,david sills,WR,00-0035359,,2019.0,2022.0
1407,Nick Muse,nick muse,nick muse,TE,00-0037317,MuseNi00,2022.0,2022.0
1408,Marcedes Lewis,marcedes lewis,marcedes lewis,TE,00-0024243,LewiMa00,2006.0,2022.0
1409,Ty Johnson,ty johnson,ty johnson,RB,00-0035537,JohnTy02,2019.0,2022.0
1410,JaMycal Hasty,jamycal hasty,jamycal hasty,RB,00-0035806,HastJa02,2020.0,2022.0
1411,Bug Howard,bug howard,bug howard,TE,00-0033261,,2017.0,2022.0
1412,Kylin Hill,kylin hill,kylin hill,RB,00-0036669,HillKy00,2021.0,2022.0
1413,Ian Thomas,ian thomas,ian thomas,TE,00-0034365,ThomIa00,2018.0,2022.0
1414,Taylor Heinicke,taylor heinicke,taylor heinicke,QB,00-0031800,HeinTa00,2015.0,2022.0
1415,Parker Hesse,parker hesse,parker hesse,TE,00-0035572,,2019.0,2022.0
1416,Damiere Byrd,damiere byrd,damiere byrd,WR,00-0031868,ByrdDa00,2015.0,2022.0
1417,Jarrett Stidham,jarrett stidham,jarrett stidham,QB,00-0035264,StidJa00,2019.0,2022.0
1418,Seth Williams,seth williams,seth williams,WR,00-0036657,WillSe00,2021.0,2022.0
1419,Nick Foles,nick foles,nick foles,QB,00-0029567,FoleNi00,2012.0,2022.0
1420,Brandon Allen,brandon allen,brandon allen,QB,00-0032434,AlleBr00,2016.0,2022.0
1421,Skylar Thompson,skylar thompson,skylar thompson,QB,00-0037327,ThomSk00,2022.0,2022.0
1422,DeSean Jackson,desean jackson,desean jackson,WR,00-0026189,JackDe00,2008.0,2022.0
1423,Jeremy Ruckert,jeremy ruckert,jeremy ruckert,TE,00-0037805,RuckJe00,2022.0,2022.0
1424,Kirk Merritt,kirk merritt,kirk merritt,WR,00-0035844,MerrKi00,2020.0,2022.0
1425,Tevin Coleman,tevin coleman,tevin coleman,RB,00-0032058,ColeTe01,2015.0,2022.0
1426,Tyrie Cleveland,tyrie cleveland,tyrie cleveland,WR,00-0036439,ClevTy00,2020.0,2022.0
1427,Julian Edelman,julian edelman,julian edelman,WR,00-0027150,EdelJu00,2009.0,2022.0
1428,Hunter Long,hunter long,hunter long,TE,00-0037004,LongHu00,2021.0,2022.0
1429,Caleb Huntley,caleb huntley,caleb huntley,RB,00-0036829,,2021.0,2022.0
1430,Trenton Irwin,trenton irwin,trenton irwin,WR,00-0035341,IrwiTr00,2019.0,2022.0
1431,Jashaun Corbin,jashaun corbin,jashaun corbin,RB,00-0037410,,2022.0,2022.0
1432,Mason Rudolph,mason rudolph,mason rudolph,QB,00-0034771,RudoMa00,2018.0,2022.0
1433,J.J. Taylor,jj taylor,jj taylor,RB,00-0036096,TaylJJ01,2020.0,2022.0
1434,Eric Ebron,eric ebron,eric ebron,TE,00-0031387,EbroEr00,2014.0,2022.0
1435,Peyton Hendershot,peyton hendershot,peyton hendershot,TE,00-0037569,HendPe01,2022.0,2022.0
1436,Juwann Winfree,juwann winfree,juwann winfree,WR,00-0035593,WinfJu00,2019.0,2022.0
1437,Justin Hardy,justin hardy,justin hardy,WR,00-0031570,HardJu00,2015.0,2022.0
1438,Tanner Conner,tanner conner,,,,,,2022.0
1439,Xavier Jones,xavier jones,xavier jones,RB,00-0036078,JoneXa00,2020.0,2022.0
1440,Samori Toure,samori toure,samori toure,WR,00-0037098,TourSa00,2022.0,2022.0
1441,Andy Dalton,andy dalton,andy dalton,QB,00-0027973,DaltAn00,2011.0,2022.0
1442,Alex Collins,alex collins,alex collins,RB,00-0032426,CollAl00,2016.0,2022.0
1443,Shemar Bridges,shemar bridges,shemar bridges,WR,00-0037174,,2022.0,2022.0
1444,Marquise Goodwin,marquise goodwin,marquise goodwin,WR,00-0030068,GoodMa00,2013.0,2022.0
1445,John Ross,john ross,john ross,WR,00-0033460,RossJo00,2017.0,2022.0
1446,Tyree Jackson,tyree jackson,tyree jackson,TE,00-0035356,,2019.0,2022.0
1447,Jimmy Graham,jimmy graham,jimmy graham,TE,00-0027696,GrahJi00,2010.0,2022.0
1448,Preston Williams,preston williams,preston williams,WR,00-0035350,WillPr01,2019.0,2022.0
1449,Salvon Ahmed,salvon ahmed,salvon ahmed,RB,00-0036020,AhmeSa01,2020.0,2022.0
1450,Chris Herndon,chris herndon,chris herndon,TE,00-0034766,HernCh00,2018.0,2022.0
1451,Jalen Wydermyer,jalen wydermyer,jalen wydermyer,TE,00-0037436,,2022.0,2022.0
1452,Jerreth Sterns,jerreth sterns,jerreth sterns,WR,00-0037486,,2022.0,2022.0
1453,Tre Turner,tre turner,,,,,,2022.0
1454,Travis Fulgham,travis fulgham,travis fulgham,WR,00-0035592,FulgTr00,2019.0,2022.0
1455,Reggie Roberson,reggie roberson,reggie roberson,WR,00-0037604,,2022.0,2022.0
1456,Chris Manhertz,chris manhertz,chris manhertz,TE,00-0031484,ManhCh00,2016.0,2022.0
1457,Michael Bandy,michael bandy,michael bandy,WR,00-0036959,BandMi00,2021.0,2022.0
1458,Lil'Jordan Humphrey,liljordan humphrey,liljordan humphrey,WR,00-0035406,HumpLi01,2019.0,2022.0
1459,PJ Walker,pj walker,pj walker,QB,00-0033275,WalkPh00,2017.0,2022.0
1460,Jordan Wilkins,jordan wilkins,jordan wilkins,RB,00-0034400,WilkJo01,2018.0,2022.0
1461,Connor Heyward,connor heyward,connor heyward,TE,00-0037304,HeywCo00,2022.0,2022.0
1462,Mataeo Durant,mataeo durant,mataeo durant,RB,00-0037226,,2022.0,2022.0
1463,Jason Huntley,jason huntley,jason huntley,RB,00-0036278,HuntJa01,2020.0,2022.0
1464,Latavius Murray,latavius murray,latavius murray,RB,00-0030513,MurrLa00,2013.0,2022.0
1465,Geoff Swaim,geoff swaim,geoff swaim,TE,00-0032141,SwaiGe00,2015.0,2022.0
1466,Master Teague,master teague,master teague,RB,00-0037111,,2022.0,2022.0
1467,Ryan Fitzpatrick,ryan fitzpatrick,ryan fitzpatrick,QB,00-0023682,FitzRy00,2005.0,2022.0
1468,Racey McMath,racey mcmath,racey mcmath,WR,00-0036652,McMaRa00,2021.0,2022.0
1469,Wayne Gallman,wayne gallman,wayne gallman,RB,00-0033950,GallWa00,2017.0,2022.0
1470,Dezmon Patmon,dezmon patmon,dezmon patmon,WR,00-0036228,PatmDe00,2020.0,2022.0
1471,Jalen Hurd,jalen hurd,jalen hurd,WR,00-0034971,HurdJa00,2019.0,2022.0
1472,Dylan Parham,dylan parham,,,,,,2022.0
1473,Tre Nixon,tre nixon,tre nixon,WR,00-0036536,NixoTr01,2021.0,2022.0
1474,Kevin Austin,kevin austin,kevin austin,WR,00-0037231,,2022.0,2022.0
1475,Bo Melton,bo melton,bo melton,WR,00-0037091,MeltBo00,2022.0,2022.0
1476,Pooka Williams,pooka williams,pooka williams,WR,00-0036734,WillPo01,2021.0,2022.0
1477,Kellen Mond,kellen mond,kellen mond,QB,00-0036946,MondKe00,2021.0,2022.0
1478,Jalen Virgil,jalen virgil,jalen virgil,WR,00-0037387,VirgJa00,2022.0,2022.0
1479,Keke Coutee,keke coutee,keke coutee,WR,00-0034366,CoutKe00,2018.0,2022.0
1480,Rashid Shaheed,rashid shaheed,rashid shaheed,WR,00-0037545,ShahRa00,2022.0,2022.0
1481,Austin Allen,austin allen,austin allen,TE,00-0037369,,2022.0,2022.0
1482,Devonta Freeman,devonta freeman,devonta freeman,RB,00-0031285,FreeDe00,2014.0,2022.0
1483,Zonovan Knight,zonovan knight,zonovan knight,RB,00-0037157,KnigZo00,2022.0,2022.0
1484,Danny Davis,danny davis,danny davis,WR,00-0037119,,2022.0,2022.0
1485,Jordan Akins,jordan akins,jordan akins,TE,00-0034364,AkinJo00,2018.0,2022.0
1486,C.J. Ham,cj ham,cj ham,RB,00-0032918,HamxC.00,2016.0,2022.0
1487,Trayveon Williams,trayveon williams,trayveon williams,RB,00-0035291,WillTr06,2019.0,2022.0
1488,Marshawn Lynch,marshawn lynch,marshawn lynch,RB,00-0025399,LyncMa00,2007.0,2022.0
1489,Cornell Powell,cornell powell,cornell powell,WR,00-0036647,PoweCo00,2021.0,2022.0
1490,Danny Amendola,danny amendola,danny amendola,WR,00-0026035,AmenDa00,2008.0,2022.0
1491,Collin Johnson,collin johnson,collin johnson,WR,00-0036254,JohnCo01,2020.0,2022.0
1492,Todd Gurley,todd gurley,todd gurley,RB,00-0032241,GurlTo01,2015.0,2022.0
1493,Deven Thompkins,deven thompkins,deven thompkins,WR,00-0037487,ThomDe07,2022.0,2022.0
1494,KhaDarel Hodge,khadarel hodge,khadarel hodge,WR,00-0034854,HodgKh00,2018.0,2022.0
1495,Joshua Dobbs,joshua dobbs,joshua dobbs,QB,00-0033949,DobbJo00,2017.0,2022.0
1496,Chase Allen,chase allen,,,,,,2022.0
1497,Tyler Mabry,tyler mabry,tyler mabry,TE,00-0036059,,2020.0,2022.0
1498,DaeSean Hamilton,daesean hamilton,daesean hamilton,WR,00-0034370,HamiDa01,2018.0,2022.0
1499,Brittain Brown,brittain brown,brittain brown,RB,00-0037329,BrowBr06,2022.0,2022.0
1500,Jalen Camp,jalen camp,jalen camp,WR,00-0036858,CampJa03,2021.0,2022.0
1501,Frank Gore,frank gore,frank gore,RB,00-0023500,GoreFr00,2005.0,2022.0
1502,Whop Philyor,whop philyor,,,,,,2022.0
1503,Sincere McCormick,sincere mccormick,sincere mccormick,RB,00-0037509,,2022.0,2022.0
1504,Thaddeus Moss,thaddeus moss,thaddeus moss,TE,00-0036023,,2020.0,2022.0
1505,Larry Rountree,larry rountree,larry rountree,RB,00-0036650,RounLa00,2021.0,2022.0
1506,Ty Fryfogle,ty fryfogle,ty fryfogle,WR,00-0037566,,2022.0,2022.0
1507,Charleston Rambo,charleston rambo,charleston rambo,WR,00-0037366,,2022.0,2022.0
1508,Tyler Vaughns,tyler vaughns,tyler vaughns,WR,00-0036495,,2021.0,2022.0
1509,Tre' McKitty,tre mckitty,tre mckitty,TE,00-0037011,McKiTr00,2021.0,2022.0
1510,Devin Funchess,devin funchess,devin funchess,WR,00-0032055,FuncDe00,2015.0,2022.0
1511,Henry Ruggs,henry ruggs,henry ruggs,WR,00-0036357,RuggHe00,2020.0,2022.0
1512,Trinity Benson,trinity benson,trinity benson,WR,00-0034930,BensTr00,2019.0,2022.0
1513,Mohamed Sanu,mohamed sanu,mohamed sanu,WR,00-0029632,SanuMo00,2012.0,2022.0
1514,Mike White,mike white,mike white,QB,00-0034401,WhitMi01,2018.0,2022.0
1515,Davis Webb,davis webb,davis webb,QB,00-0033550,WebbDa00,2017.0,2022.0
1516,Delanie Walker,delanie walker,delanie walker,TE,00-0024389,WalkHu00,2006.0,2022.0
1517,Dontario Drummond,dontario drummond,dontario drummond,WR,00-0037564,,2022.0,2022.0
1518,Greg Ward,greg ward,greg ward,WR,00-0033733,WardGr02,2017.0,2022.0
1519,Josh Adams,josh adams,josh adams,RB,00-0034457,AdamJo03,2018.0,2022.0
1520,Nick Bawden,nick bawden,nick bawden,RB,00-0034433,BawdNi00,2018.0,2022.0
1521,Case Keenum,case keenum,case keenum,QB,00-0028986,,2012.0,2022.0
1522,Albert Wilson,albert wilson,albert wilson,WR,00-0030669,WilsAl02,2014.0,2022.0
1523,Devontae Booker,devontae booker,devontae booker,RB,00-0032972,BookDe00,2016.0,2022.0
1524,Rico Gafford,rico gafford,rico gafford,WR,00-0034660,,2018.0,2022.0
1525,Michael Woods,michael woods,michael woods,WR,,WoodMi00,2022.0,2022.0
1526,Lawrence Cager,lawrence cager,lawrence cager,TE,00-0036145,,2020.0,2022.0
1527,Jordan Howard,jordan howard,jordan howard,RB,00-0032780,HowaJo00,2016.0,2022.0
1528,Osirus Mitchell,osirus mitchell,osirus mitchell,WR,00-0036773,,2021.0,2022.0
1529,Jesper Horsted,jesper horsted,jesper horsted,TE,00-0035562,,2019.0,2022.0
1530,Willie Snead,willie snead,willie snead,WR,00-0030663,SneaWi00,2014.0,2022.0
1531,Hunter Bryant,hunter bryant,hunter bryant,TE,00-0036008,BryaHu02,2020.0,2022.0
1532,Anthony Miller,anthony miller,anthony miller,WR,00-0034353,MillAn02,2018.0,2022.0
1533,Cooper Rush,cooper rush,cooper rush,QB,00-0033662,RushCo00,2017.0,2022.0
1534,Nick Boyle,nick boyle,nick boyle,TE,00-0031598,BoylNi00,2015.0,2022.0
1535,Travis Benjamin,travis benjamin,travis benjamin,WR,00-0029269,BenjTr00,2012.0,2022.0
1536,Adam Prentice,adam prentice,adam prentice,RB,00-0036727,,2021.0,2022.0
1537,Feleipe Franks,feleipe franks,,,,,,2022.0
1538,Kyle Allen,kyle allen,kyle allen,QB,00-0034577,AlleKy00,2018.0,2022.0
1539,Bisi Johnson,bisi johnson,bisi johnson,WR,00-0035006,JohnOl00,2019.0,2022.0
1540,David Blough,david blough,david blough,QB,00-0035040,BlouDa00,2019.0,2022.0
1541,Trenton Cannon,trenton cannon,trenton cannon,RB,00-0034164,CannTr00,2018.0,2022.0
1542,Khari Blasingame,khari blasingame,khari blasingame,RB,00-0035099,,2019.0,2022.0
1543,Brian Hoyer,brian hoyer,brian hoyer,QB,00-0026625,,2009.0,2022.0
1544,Elijhaa Penny,elijhaa penny,elijhaa penny,RB,00-0032813,PennEl00,2016.0,2022.0
1545,Daurice Fountain,daurice fountain,daurice fountain,WR,00-0034395,FounDa00,2018.0,2022.0
1546,Kahale Warring,kahale warring,kahale warring,TE,00-0035660,WarrKa00,2019.0,2022.0
1547,Robert Foster,robert foster,robert foster,WR,00-0034510,FostRo01,2018.0,2022.0
1548,Johnny Mundt,johnny mundt,johnny mundt,TE,00-0033246,MundJo00,2017.0,2022.0
1549,Qadree Ollison,qadree ollison,qadree ollison,RB,00-0035273,OlliQa00,2019.0,2022.0
1550,Terry Godwin,terry godwin,terry godwin,WR,00-0035313,GodwTe00,2019.0,2022.0
1551,Cethan Carter,cethan carter,cethan carter,TE,00-0033338,CartCe00,2017.0,2022.0
1552,Jeff Driskel,jeff driskel,jeff driskel,TE,00-0032436,DrisJe00,2016.0,2022.0
1553,Bailey Zappe,bailey zappe,bailey zappe,QB,00-0038108,ZappBa00,2022.0,2022.0
1554,Austin Watkins,austin watkins,austin watkins,WR,00-0036676,,2021.0,2022.0
1555,Trace McSorley,trace mcsorley,trace mcsorley,QB,00-0035146,McSoTr00,2019.0,2022.0
1556,Teagan Quitoriano,teagan quitoriano,teagan quitoriano,TE,00-0037277,QuitTe00,2022.0,2022.0
1557,Tim Tebow,tim tebow,tim tebow,TE,,TeboTi00,2010.0,2022.0
1558,Jeremy McNichols,jeremy mcnichols,jeremy mcnichols,RB,00-0033955,McNiJe00,2017.0,2022.0
1559,Zach Davidson,zach davidson,zach davidson,TE,00-0036640,DaviZa00,2021.0,2022.0
1560,Codey McElroy,codey mcelroy,codey mcelroy,TE,00-0034735,,2018.0,2022.0
1561,Eric Saubert,eric saubert,eric saubert,TE,00-0033576,SaubEr00,2017.0,2022.0
1562,La'Mical Perine,lamical perine,lamical perine,RB,00-0036269,PeriLa00,2020.0,2022.0
1563,Ross Dwelley,ross dwelley,ross dwelley,TE,00-0034073,DwelRo00,2018.0,2022.0
1564,Matt Bushman,matt bushman,matt bushman,TE,00-0036519,BushMa00,2021.0,2022.0
1565,Tarik Cohen,tarik cohen,tarik cohen,RB,00-0033556,CoheTa00,2017.0,2022.0
1566,Kyle Trask,kyle trask,kyle trask,QB,00-0036928,TrasKy00,2021.0,2022.0
1567,Josh Johnson,josh johnson,josh johnson,QB,00-0026300,JohnJo05,2008.0,2022.0
1568,Rico Dowdle,rico dowdle,rico dowdle,RB,00-0036139,DowdRi01,2020.0,2022.0
1569,Kristian Wilkerson,kristian wilkerson,kristian wilkerson,WR,00-0036183,WilkKr00,2020.0,2022.0
1570,Stephen Anderson,stephen anderson,stephen anderson,TE,00-0032725,AndeSt01,2016.0,2022.0
1571,Diontae Spencer,diontae spencer,diontae spencer,WR,00-0031319,SpenDi00,2014.0,2022.0
1572,Jaivon Heiligh,jaivon heiligh,,,,,,2022.0
1573,Dwayne Washington,dwayne washington,dwayne washington,RB,00-0032450,WashDw00,2016.0,2022.0
1574,Michael Burton,michael burton,michael burton,RB,00-0031595,BurtMi00,2015.0,2022.0
1575,Tony Brown,tony brown,tony brown,WR,00-0036111,BrowTo03,2020.0,2022.0
1576,Freddie Swain,freddie swain,freddie swain,WR,00-0036247,SwaiFr00,2020.0,2022.0
1577,Gary Brightwell,gary brightwell,gary brightwell,RB,00-0036569,BrigGa00,2021.0,2022.0
1578,Dazz Newsome,dazz newsome,dazz newsome,WR,00-0036907,NewsDa00,2021.0,2022.0
1579,Bryce Perkins,bryce perkins,bryce perkins,QB,00-0035939,,2020.0,2022.0
1580,Ryan Nall,ryan nall,ryan nall,RB,00-0034597,,2018.0,2022.0
1581,Michael Warren,michael warren,michael warren,RB,00-0036006,,2020.0,2022.0
1582,Mike Glennon,mike glennon,mike glennon,QB,00-0030520,GlenMi00,2013.0,2022.0
1583,Matt Barkley,matt barkley,matt barkley,QB,00-0030533,BarkMa00,2013.0,2022.0
1584,Trent Taylor,trent taylor,trent taylor,WR,00-0033292,TaylTr02,2017.0,2022.0
1585,Johnny Johnson,johnny johnson,johnny johnson,WR,00-0037460,JohnJo12,2022.0,2022.0
1586,Branden Mack,branden mack,,,,,,2022.0
1587,Sean Mannion,sean mannion,sean mannion,QB,00-0032245,MannSe00,2015.0,2022.0
1588,Brandon Powell,brandon powell,brandon powell,WR,00-0034646,PoweBr00,2018.0,2022.0
1589,Jakob Johnson,jakob johnson,jakob johnson,RB,00-0035726,JohnJa12,2019.0,2022.0
1590,Jalen Richard,jalen richard,jalen richard,RB,00-0033025,RichJa01,2016.0,2022.0
1591,Zach Gentry,zach gentry,zach gentry,TE,00-0035222,GentZa00,2019.0,2022.0
1592,KeeSean Johnson,keesean johnson,keesean johnson,WR,00-0035287,JohnKe07,2019.0,2022.0
1593,Ian Book,ian book,ian book,QB,00-0036929,BookIa00,2021.0,2022.0
1594,Steven Sims,steven sims,steven sims,WR,00-0034928,SimsSt00,2019.0,2022.0
1595,Patrick Laird,patrick laird,patrick laird,RB,00-0035342,LairPa00,2019.0,2022.0
1596,Quintin Morris,quintin morris,quintin morris,TE,00-0036590,,2021.0,2022.0
1597,Jeff Smith,jeff smith,jeff smith,WR,00-0035510,SmitJe03,2019.0,2022.0
1598,Carlos Hyde,carlos hyde,carlos hyde,RB,00-0031045,HydeCa00,2014.0,2022.0
1599,Alex Bachman,alex bachman,alex bachman,WR,00-0035602,,2019.0,2022.0
1600,Charlie Woerner,charlie woerner,charlie woerner,TE,00-0036429,WoerCh00,2020.0,2022.0
1601,Victor Bolden,victor bolden,victor bolden,WR,00-0033306,BoldVi00,2017.0,2022.0
1602,Leddie Brown,leddie brown,leddie brown,RB,00-0037466,,2022.0,2022.0
1603,Demetrius Harris,demetrius harris,demetrius harris,TE,00-0030155,HarrDe03,2013.0,2022.0
1604,Malik Williams,malik williams,,,,,,2022.0
1605,Travis Jonsen,travis jonsen,,,,,,2022.0
1606,Darwin Thompson,darwin thompson,darwin thompson,RB,00-0035148,ThomDa06,2019.0,2022.0
1607,Corey Clement,corey clement,corey clement,RB,00-0033725,ClemCo00,2017.0,2022.0
1608,Tavon Austin,tavon austin,tavon austin,WR,00-0030525,AustTa00,2013.0,2022.0
1609,Godwin Igwebuike,godwin igwebuike,godwin igwebuike,RB,00-0034614,IgweGo00,2018.0,2022.0
1610,Mitchell Wilcox,mitchell wilcox,mitchell wilcox,TE,00-0035771,,2020.0,2022.0
1611,Alize Mack,alize mack,alize mack,TE,00-0035309,MackAl00,2019.0,2022.0
1612,Jaylen Smith,jaylen smith,jaylen smith,WR,00-0035121,,2019.0,2022.0
1613,Sam Ehlinger,sam ehlinger,sam ehlinger,QB,00-0036879,EhliSa00,2021.0,2022.0
1614,Tom Kennedy,tom kennedy,tom kennedy,WR,00-0035544,KennTo01,2019.0,2022.0
1615,LeSean McCoy,lesean mccoy,lesean mccoy,RB,00-0027029,McCoLe01,2009.0,2022.0
1616,Binjimen Victor,binjimen victor,binjimen victor,WR,00-0035819,,2020.0,2022.0
1617,Chester Rogers,chester rogers,chester rogers,WR,00-0032355,RogeCh02,2016.0,2022.0
1618,Xavier Grimble,xavier grimble,xavier grimble,TE,00-0031035,,2014.0,2022.0
1619,Jordan Franks,jordan franks,jordan franks,TE,00-0034532,,2018.0,2022.0
1620,Jaylen Samuels,jaylen samuels,jaylen samuels,RB,00-0034331,SamuJa00,2018.0,2022.0
1621,Alec Ingold,alec ingold,alec ingold,RB,00-0035125,,2019.0,2022.0
1622,Hunter Kampmoyer,hunter kampmoyer,,,,,,2022.0
1623,Tavien Feaster,tavien feaster,tavien feaster,RB,00-0035825,,2020.0,2022.0
1624,Kyric McGowan,kyric mcgowan,kyric mcgowan,WR,00-0037172,,2022.0,2022.0
1625,Jalen Morton,jalen morton,,,,,,2022.0
1626,Shelton Gibson,shelton gibson,shelton gibson,WR,00-0033573,GibsSh00,2017.0,2022.0
1627,Stefon Diggs,stefon diggs,stefon diggs,WR,00-0031588,DiggSt00,2015.0,2023.0
1628,Josh Allen,josh allen,josh allen,QB,00-0034857,AlleJo02,2018.0,2023.0
1629,Keenan Allen,keenan allen,keenan allen,WR,00-0030279,AlleKe00,2013.0,2023.0
1630,Christian Watson,christian watson,christian watson,WR,00-0038124,WatsCh00,2022.0,2023.0
1631,T.J. Hockenson,tj hockenson,tj hockenson,TE,00-0035229,HockTJ00,2019.0,2023.0
1632,James Cook,james cook,james cook,RB,00-0037248,CookJa01,2022.0,2023.0
1633,Rachaad White,rachaad white,rachaad white,RB,00-0037256,WhitRa01,2022.0,2023.0
1634,Courtland Sutton,courtland sutton,courtland sutton,WR,00-0034348,SuttCo00,2018.0,2023.0
1635,AJ Dillon,aj dillon,aj dillon,RB,00-0036265,DillAJ00,2020.0,2023.0
1636,Raheem Mostert,raheem mostert,raheem mostert,RB,00-0031687,MostRa00,2015.0,2023.0
1637,Nico Collins,nico collins,nico collins,WR,00-0036554,CollNi00,2021.0,2023.0
1638,Van Jefferson,van jefferson,van jefferson,WR,00-0036415,JeffVa00,2020.0,2023.0
1639,Gerald Everett,gerald everett,gerald everett,TE,00-0033895,EverGe00,2017.0,2023.0
1640,Brock Purdy,brock purdy,brock purdy,QB,00-0037834,PurdBr00,2022.0,2023.0
1641,Tank Dell,tank dell,tank dell,WR,00-0038977,DellNa00,2023.0,2023.0
1642,Gus Edwards,gus edwards,gus edwards,RB,00-0034184,EdwaGu00,2018.0,2023.0
1643,Zack Moss,zack moss,zack moss,RB,00-0036251,MossZa00,2020.0,2023.0
1644,Kyren Williams,kyren williams,kyren williams,RB,00-0037840,WillKy02,2022.0,2023.0
1645,A.J. Brown,aj brown,aj brown,WR,00-0035676,BrowAJ00,2019.0,2023.0
1646,CeeDee Lamb,ceedee lamb,ceedee lamb,WR,00-0036358,LambCe00,2020.0,2023.0
1647,Lamar Jackson,lamar jackson,lamar jackson,QB,00-0034796,JackLa00,2018.0,2023.0
1648,Aaron Jones,aaron jones,aaron jones,RB,00-0033293,JoneAa00,2017.0,2023.0
1649,Marquise Brown,marquise brown,marquise brown,WR,00-0035662,BrowMa04,2019.0,2023.0
1650,D'Andre Swift,dandre swift,dandre swift,RB,00-0036275,SwifDA00,2020.0,2023.0
1651,Brandin Cooks,brandin cooks,brandin cooks,WR,00-0031236,CookBr00,2014.0,2023.0
1652,Dak Prescott,dak prescott,dak prescott,QB,00-0033077,PresDa01,2016.0,2023.0
1653,De'Von Achane,devon achane,devon achane,RB,00-0039040,AchaDe00,2023.0,2023.0
1654,Jaylen Warren,jaylen warren,jaylen warren,RB,00-0037228,WarrJa01,2022.0,2023.0
1655,Sam LaPorta,sam laporta,sam laporta,TE,00-0039065,LaPoSa01,2023.0,2023.0
1656,K.J. Osborn,kj osborn,kj osborn,WR,00-0036345,OsboKJ00,2020.0,2023.0
1657,Curtis Samuel,curtis samuel,curtis samuel,WR,00-0033282,SamuCu00,2017.0,2023.0
1658,Isaiah Likely,isaiah likely,isaiah likely,TE,00-0037838,LikeIs00,2022.0,2023.0
1659,Trey McBride,trey mcbride,trey mcbride,TE,00-0037744,McBrTr01,2022.0,2023.0
1660,Tyreek Hill,tyreek hill,tyreek hill,WR,00-0033040,HillTy00,2016.0,2023.0
1661,Derrick Henry,derrick henry,derrick henry,RB,00-0032764,HenrDe00,2016.0,2023.0
1662,Patrick Mahomes,patrick mahomes,patrick mahomes,QB,00-0033873,MahoPa00,2017.0,2023.0
1663,DJ Moore,dj moore,dj moore,WR,00-0034827,MoorD.00,2018.0,2023.0
1664,DeAndre Hopkins,deandre hopkins,deandre hopkins,WR,00-0030564,HopkDe00,2013.0,2023.0
1665,Jordan Addison,jordan addison,jordan addison,WR,00-0038994,AddiJo00,2023.0,2023.0
1666,Javonte Williams,javonte williams,javonte williams,RB,00-0036997,WillJa10,2021.0,2023.0
1667,Isiah Pacheco,isiah pacheco,isiah pacheco,RB,00-0037197,PachIs00,2022.0,2023.0
1668,Dalton Kincaid,dalton kincaid,dalton kincaid,TE,00-0038933,KincDa00,2023.0,2023.0
1669,D'Onta Foreman,donta foreman,donta foreman,RB,00-0033925,ForeDO00,2017.0,2023.0
1670,Rashid Shaheed,rashid shaheed,rashid shaheed,WR,00-0037545,ShahRa00,2022.0,2023.0
1671,Sam Howell,sam howell,sam howell,QB,00-0037077,HoweSa00,2022.0,2023.0
1672,C.J. Stroud,cj stroud,cj stroud,QB,00-0039163,StroCJ00,2023.0,2023.0
1673,Saquon Barkley,saquon barkley,saquon barkley,RB,00-0034844,BarkSa00,2018.0,2023.0
1674,Gabe Davis,gabe davis,gabe davis,WR,00-0036196,DaviGa01,2020.0,2023.0
1675,Odell Beckham Jr.,odell beckham,odell beckham,WR,00-0031235,BeckOd00,2014.0,2023.0
1676,Pat Freiermuth,pat freiermuth,pat freiermuth,TE,00-0036894,FreiPa00,2021.0,2023.0
1677,Elijah Mitchell,elijah mitchell,elijah mitchell,RB,00-0036567,MitcEl00,2021.0,2023.0
1678,Josh Downs,josh downs,josh downs,WR,00-0038997,DownJo00,2023.0,2023.0
1679,Jayden Reed,jayden reed,jayden reed,WR,00-0039146,ReedJa03,2023.0,2023.0
1680,Trayveon Williams,trayveon williams,trayveon williams,RB,00-0035291,WillTr06,2019.0,2023.0
1681,DeVonta Smith,devonta smith,devonta smith,WR,00-0036912,SmitDe07,2021.0,2023.0
1682,Jalen Hurts,jalen hurts,jalen hurts,QB,00-0036389,HurtJa00,2020.0,2023.0
1683,Travis Etienne Jr.,travis etienne,travis etienne,RB,00-0036973,EtieTr00,2021.0,2023.0
1684,George Pickens,george pickens,george pickens,WR,00-0037247,PickGe00,2022.0,2023.0
1685,David Njoku,david njoku,david njoku,TE,00-0033885,NjokDa00,2017.0,2023.0
1686,Allen Lazard,allen lazard,allen lazard,WR,00-0034521,LazaAl00,2018.0,2023.0
1687,Deuce Vaughn,deuce vaughn,deuce vaughn,RB,00-0038622,VaugDe00,2023.0,2023.0
1688,Miles Sanders,miles sanders,miles sanders,RB,00-0035243,SandMi01,2019.0,2023.0
1689,Kirk Cousins,kirk cousins,kirk cousins,QB,00-0029604,CousKi00,2012.0,2023.0
1690,Alvin Kamara,alvin kamara,alvin kamara,RB,00-0033906,KamaAl00,2017.0,2023.0
1691,Zay Jones,zay jones,zay jones,WR,00-0033891,JoneZa00,2017.0,2023.0
1692,Adam Thielen,adam thielen,adam thielen,WR,00-0030035,ThieAd00,2014.0,2023.0
1693,Matthew Stafford,matthew stafford,matthew stafford,QB,00-0026498,StafMa00,2009.0,2023.0
1694,Tim Patrick,tim patrick,tim patrick,WR,00-0033375,PatrTi00,2017.0,2023.0
1695,Breece Hall,breece hall,breece hall,RB,00-0038120,HallBr03,2022.0,2023.0
1696,Brandon Aiyuk,brandon aiyuk,brandon aiyuk,WR,00-0036261,AiyuBr00,2020.0,2023.0
1697,Michael Pittman Jr.,michael pittman,michael pittman,WR,00-0036252,PittMi01,2020.0,2023.0
1698,Darren Waller,darren waller,darren waller,TE,00-0031610,WallDa01,2015.0,2023.0
1699,Brian Robinson Jr.,brian robinson,brian robinson,RB,00-0037746,RobiBr01,2022.0,2023.0
1700,Taysom Hill,taysom hill,taysom hill,TE,00-0033357,HillTa00,2017.0,2023.0
1701,Bryce Young,bryce young,bryce young,QB,00-0039150,YounBr01,2023.0,2023.0
1702,Puka Nacua,puka nacua,puka nacua,WR,00-0039075,NacuPu00,2023.0,2023.0
1703,Calvin Ridley,calvin ridley,calvin ridley,WR,00-0034837,RidlCa00,2018.0,2023.0
1704,Terry McLaurin,terry mclaurin,terry mclaurin,WR,00-0035659,McLaTe00,2019.0,2023.0
1705,J.K. Dobbins,jk dobbins,jk dobbins,RB,00-0036158,DobbJK00,2020.0,2023.0
1706,Jared Goff,jared goff,jared goff,QB,00-0033106,GoffJa00,2016.0,2023.0
1707,Luke Musgrave,luke musgrave,luke musgrave,TE,00-0039144,MusgLu00,2023.0,2023.0
1708,Sean Tucker,sean tucker,sean tucker,RB,00-0038951,TuckSe00,2023.0,2023.0
1709,Jaylen Waddle,jaylen waddle,jaylen waddle,WR,00-0036613,WaddJa00,2021.0,2023.0
1710,Deebo Samuel,deebo samuel,deebo samuel,WR,00-0035719,SamuDe00,2019.0,2023.0
1711,Jahmyr Gibbs,jahmyr gibbs,jahmyr gibbs,RB,00-0039139,GibbJa01,2023.0,2023.0
1712,Kenneth Walker III,kenneth walker,kenneth walker,RB,00-0038134,WalkKe00,2022.0,2023.0
1713,Jamaal Williams,jamaal williams,jamaal williams,RB,00-0033948,WillJa06,2017.0,2023.0
1714,Isaiah Hodgins,isaiah hodgins,isaiah hodgins,WR,00-0036165,HodgIs00,2020.0,2023.0
1715,Jake Ferguson,jake ferguson,jake ferguson,TE,00-0038041,FergJa00,2022.0,2023.0
1716,Tyler Conklin,tyler conklin,tyler conklin,TE,00-0034270,ConkTy00,2018.0,2023.0
1717,DK Metcalf,dk metcalf,dk metcalf,WR,00-0035640,MetcDK00,2019.0,2023.0
1718,Justin Fields,justin fields,justin fields,QB,00-0036945,FielJu00,2021.0,2023.0
1719,Cole Kmet,cole kmet,cole kmet,TE,00-0036290,KmetCo00,2020.0,2023.0
1720,DJ Chark Jr.,dj chark,dj chark,WR,00-0034777,CharDJ00,2018.0,2023.0
1721,Jordan Love,jordan love,jordan love,QB,00-0036264,LoveJo03,2020.0,2023.0
1722,Wan'Dale Robinson,wandale robinson,wandale robinson,WR,00-0038117,RobiWa01,2022.0,2023.0
1723,Drake London,drake london,drake london,WR,00-0037238,LondDr00,2022.0,2023.0
1724,Mike Evans,mike evans,mike evans,WR,00-0031408,EvanMi00,2014.0,2023.0
1725,David Montgomery,david montgomery,david montgomery,RB,00-0035685,MontDa01,2019.0,2023.0
1726,Leonard Fournette,leonard fournette,leonard fournette,RB,00-0033856,FourLe00,2017.0,2023.0
1727,Hunter Henry,hunter henry,hunter henry,TE,00-0033090,HenrHu00,2016.0,2023.0
1728,Amon-Ra St. Brown,amon-ra st brown,amon-ra st brown,WR,00-0036963,StxxAm00,2021.0,2023.0
1729,Josh Jacobs,josh jacobs,josh jacobs,RB,00-0035700,JacoJo01,2019.0,2023.0
1730,Chris Godwin,chris godwin,chris godwin,WR,00-0033921,GodwCh00,2017.0,2023.0
1731,Zay Flowers,zay flowers,zay flowers,WR,00-0039064,FlowZa00,2023.0,2023.0
1732,Jakobi Meyers,jakobi meyers,jakobi meyers,WR,00-0034960,MeyeJa01,2019.0,2023.0
1733,Kenny Pickett,kenny pickett,kenny pickett,QB,00-0038102,PickKe00,2022.0,2023.0
1734,Zach Charbonnet,zach charbonnet,zach charbonnet,RB,00-0039165,CharZa00,2023.0,2023.0
1735,Michael Gallup,michael gallup,michael gallup,WR,00-0034764,GallMi00,2018.0,2023.0
1736,Tyjae Spears,tyjae spears,tyjae spears,RB,00-0039032,SpeaTy00,2023.0,2023.0
1737,Jerome Ford,jerome ford,jerome ford,RB,00-0037267,FordJe00,2022.0,2023.0
1738,Josh Reynolds,josh reynolds,josh reynolds,WR,00-0033943,ReynJo00,2017.0,2023.0
1739,Mark Andrews,mark andrews,mark andrews,TE,00-0034753,AndrMa00,2018.0,2023.0
1740,Tyler Higbee,tyler higbee,tyler higbee,TE,00-0033110,HigbTy00,2016.0,2023.0
1741,Hunter Renfrow,hunter renfrow,hunter renfrow,WR,00-0034983,RenfHu00,2019.0,2023.0
1742,Marvin Jones Jr.,marvin jones,marvin jones,WR,00-0029293,JoneMa02,2012.0,2023.0
1743,DeWayne McBride,dewayne mcbride,dewayne mcbride,RB,00-0039046,McBrDe00,2023.0,2023.0
1744,Joe Mixon,joe mixon,joe mixon,RB,00-0033897,MixoJo00,2017.0,2023.0
1745,Tyler Lockett,tyler lockett,tyler lockett,WR,00-0032211,LockTy00,2015.0,2023.0
1746,Trevor Lawrence,trevor lawrence,trevor lawrence,QB,00-0036971,LawrTr00,2021.0,2023.0
1747,Jonathan Mingo,jonathan mingo,jonathan mingo,WR,00-0039062,MingJo00,2023.0,2023.0
1748,Christian McCaffrey,christian mccaffrey,christian mccaffrey,RB,00-0033280,McCaCh01,2017.0,2023.0
1749,Skyy Moore,skyy moore,skyy moore,WR,00-0038090,MoorSk01,2022.0,2023.0
1750,Tua Tagovailoa,tua tagovailoa,tua tagovailoa,QB,00-0036212,TagoTu00,2020.0,2023.0
1751,Alec Pierce,alec pierce,alec pierce,WR,00-0037664,PierAl00,2022.0,2023.0
1752,Zach Ertz,zach ertz,zach ertz,TE,00-0030061,ErtzZa00,2013.0,2023.0
1753,Kareem Hunt,kareem hunt,kareem hunt,RB,00-0033923,HuntKa00,2017.0,2023.0
1754,George Kittle,george kittle,george kittle,TE,00-0033288,KittGe00,2017.0,2023.0
1755,Dawson Knox,dawson knox,dawson knox,TE,00-0035689,KnoxDa00,2019.0,2023.0
1756,Kendre Miller,kendre miller,kendre miller,RB,00-0038551,MillKe01,2023.0,2023.0
1757,Justyn Ross,justyn ross,justyn ross,WR,00-0037216,RossJu00,2022.0,2023.0
1758,Alexander Mattison,alexander mattison,alexander mattison,RB,00-0034972,MattAl01,2019.0,2023.0
1759,Elijah Moore,elijah moore,elijah moore,WR,00-0036980,MoorEl00,2021.0,2023.0
1760,Marvin Mims Jr.,marvin mims,marvin mims,WR,00-0038976,MimsMa00,2023.0,2023.0
1761,Darius Slayton,darius slayton,darius slayton,WR,00-0035535,SlayDa01,2019.0,2023.0
1762,Tony Pollard,tony pollard,tony pollard,RB,00-0035261,PollTo00,2019.0,2023.0
1763,Romeo Doubs,romeo doubs,romeo doubs,WR,00-0037816,DoubRo00,2022.0,2023.0
1764,Rashee Rice,rashee rice,rashee rice,WR,00-0039067,RiceRa01,2023.0,2023.0
1765,Ty Chandler,ty chandler,ty chandler,RB,00-0037276,ChanTy01,2022.0,2023.0
1766,DeVante Parker,devante parker,devante parker,WR,00-0031547,ParkDe01,2015.0,2023.0
1767,Mecole Hardman Jr.,mecole hardman,mecole hardman,WR,00-0035140,HardMe00,2019.0,2023.0
1768,Dallas Goedert,dallas goedert,dallas goedert,TE,00-0034351,GoedDa00,2018.0,2023.0
1769,Kenneth Gainwell,kenneth gainwell,kenneth gainwell,RB,00-0036919,GainKe00,2021.0,2023.0
1770,Chase Brown,chase brown,chase brown,RB,00-0038597,BrowCh10,2023.0,2023.0
1771,Najee Harris,najee harris,najee harris,RB,00-0036893,HarrNa00,2021.0,2023.0
1772,Kyle Pitts,kyle pitts,kyle pitts,TE,00-0036970,PittKy00,2021.0,2023.0
1773,Tyler Allgeier,tyler allgeier,tyler allgeier,RB,00-0037263,AllgTy00,2022.0,2023.0
1774,Tyler Scott,tyler scott,tyler scott,WR,00-0038941,ScotTy00,2023.0,2023.0
1775,Jameson Williams,jameson williams,jameson williams,WR,00-0037240,WillJa11,2022.0,2023.0
1776,Jeff Wilson Jr.,jeff wilson,jeff wilson,RB,00-0034115,WilsJe01,2018.0,2023.0
1777,Ryan Tannehill,ryan tannehill,ryan tannehill,QB,00-0029701,TannRy00,2012.0,2023.0
1778,Davante Adams,davante adams,davante adams,WR,00-0031381,AdamDa01,2014.0,2023.0
1779,Jahan Dotson,jahan dotson,jahan dotson,WR,00-0037741,DotsJa00,2022.0,2023.0
1780,Joshua Kelley,joshua kelley,joshua kelley,RB,00-0036370,KellJo01,2020.0,2023.0
1781,Mac Jones,mac jones,mac jones,QB,00-0036972,JoneMa05,2021.0,2023.0
1782,JuJu Smith-Schuster,juju smith-schuster,juju smith-schuster,WR,00-0033857,SmitJu00,2017.0,2023.0
1783,Richie James Jr.,richie james,richie james,WR,00-0034286,JameRi00,2018.0,2023.0
1784,Robert Woods,robert woods,robert woods,WR,00-0030431,WoodRo02,2013.0,2023.0
1785,Irv Smith Jr.,irv smith,irv smith,TE,00-0034970,SmitIr01,2019.0,2023.0
1786,Jalin Hyatt,jalin hyatt,jalin hyatt,WR,00-0038938,HyatJa00,2023.0,2023.0
1787,Dalvin Cook,dalvin cook,dalvin cook,RB,00-0033893,CookDa01,2017.0,2023.0
1788,Marquez Valdes-Scantling,marquez valdes-scantling,marquez valdes-scantling,WR,00-0034272,ValdMa00,2018.0,2023.0
1789,Mack Hollins,mack hollins,mack hollins,WR,00-0033555,HollMa00,2017.0,2023.0
1790,Kyler Murray,kyler murray,kyler murray,QB,00-0035228,MurrKy00,2019.0,2023.0
1791,Mike Gesicki,mike gesicki,mike gesicki,TE,00-0034829,GesiMi00,2018.0,2023.0
1792,Rhamondre Stevenson,rhamondre stevenson,rhamondre stevenson,RB,00-0036875,StevRh00,2021.0,2023.0
1793,Christian Kirk,christian kirk,christian kirk,WR,00-0034775,KirkCh01,2018.0,2023.0
1794,Russell Wilson,russell wilson,russell wilson,QB,00-0029263,WilsRu00,2012.0,2023.0
1795,Rondale Moore,rondale moore,rondale moore,WR,00-0036936,MoorRo02,2021.0,2023.0
1796,Michael Wilson,michael wilson,michael wilson,WR,00-0038559,WilsMi02,2023.0,2023.0
1797,Derek Carr,derek carr,derek carr,QB,00-0031280,CarrDe02,2014.0,2023.0
1798,Michael Mayer,michael mayer,michael mayer,TE,00-0039066,MayeMi00,2023.0,2023.0
1799,Zamir White,zamir white,zamir white,RB,00-0038040,WhitZa01,2022.0,2023.0
1800,Cade Otton,cade otton,cade otton,TE,00-0038129,OttoCa00,2022.0,2023.0
1801,Antonio Gibson,antonio gibson,antonio gibson,RB,00-0036328,GibsAn00,2020.0,2023.0
1802,Geno Smith,geno smith,geno smith,QB,00-0030565,SmitGe00,2013.0,2023.0
1803,Dalton Schultz,dalton schultz,dalton schultz,TE,00-0034383,SchuDa00,2018.0,2023.0
1804,Donovan Peoples-Jones,donovan peoples-jones,donovan peoples-jones,WR,00-0036233,PeopDo00,2020.0,2023.0
1805,Pierre Strong Jr.,pierre strong,pierre strong,RB,00-0038098,StroPi00,2022.0,2023.0
1806,Evan Engram,evan engram,evan engram,TE,00-0033881,EngrEv00,2017.0,2023.0
1807,Devin Singletary,devin singletary,devin singletary,RB,00-0035250,SingDe00,2019.0,2023.0
1808,Joshua Palmer,joshua palmer,joshua palmer,WR,00-0036988,PalmJo00,2021.0,2023.0
1809,Nelson Agholor,nelson agholor,nelson agholor,WR,00-0031549,AghoNe00,2015.0,2023.0
1810,Jimmy Garoppolo,jimmy garoppolo,jimmy garoppolo,QB,00-0031345,GaroJi00,2014.0,2023.0
1811,Chuba Hubbard,chuba hubbard,chuba hubbard,RB,00-0036555,HubbCh01,2021.0,2023.0
1812,Samaje Perine,samaje perine,samaje perine,RB,00-0033526,PeriSa00,2017.0,2023.0
1813,Diontae Johnson,diontae johnson,diontae johnson,WR,00-0035216,JohnDi01,2019.0,2023.0
1814,Parris Campbell,parris campbell,parris campbell,WR,00-0035639,CampPa00,2019.0,2023.0
1815,Juwan Johnson,juwan johnson,juwan johnson,TE,00-0036040,JohnJu02,2020.0,2023.0
1816,Cam Akers,cam akers,cam akers,RB,00-0036414,AkerCa00,2020.0,2023.0
1817,Tank Bigsby,tank bigsby,tank bigsby,RB,00-0038555,BigsTa00,2023.0,2023.0
1818,Jaxon Smith-Njigba,jaxon smith-njigba,jaxon smith-njigba,WR,00-0038543,SmitJa06,2023.0,2023.0
1819,Anthony Richardson,anthony richardson,anthony richardson,QB,00-0039164,RichAn03,2023.0,2023.0
1820,Hayden Hurst,hayden hurst,hayden hurst,TE,00-0034830,HursHa00,2018.0,2023.0
1821,Travis Kelce,travis kelce,travis kelce,TE,00-0030506,KelcTr00,2013.0,2023.0
1822,Chris Olave,chris olave,chris olave,WR,00-0037239,OlavCh00,2022.0,2023.0
1823,Khalil Herbert,khalil herbert,khalil herbert,RB,00-0036906,HerbKh00,2021.0,2023.0
1824,Khalil Shakir,khalil shakir,khalil shakir,WR,00-0037261,ShakKh00,2022.0,2023.0
1825,Ja'Marr Chase,jamarr chase,jamarr chase,WR,00-0036900,ChasJa00,2021.0,2023.0
1826,Chig Okonkwo,chig okonkwo,chig okonkwo,TE,00-0037809,OkonCh00,2022.0,2023.0
1827,Brock Wright,brock wright,brock wright,TE,00-0036754,WrigBr01,2021.0,2023.0
1828,Rashod Bateman,rashod bateman,rashod bateman,WR,00-0036550,BateRa00,2021.0,2023.0
1829,Darnell Mooney,darnell mooney,darnell mooney,WR,00-0036309,MoonDa00,2020.0,2023.0
1830,Noah Fant,noah fant,noah fant,TE,00-0035644,FantNo00,2019.0,2023.0
1831,Justin Herbert,justin herbert,justin herbert,QB,00-0036355,HerbJu00,2020.0,2023.0
1832,Clyde Edwards-Helaire,clyde edwards-helaire,clyde edwards-helaire,RB,00-0036360,EdwaCl00,2020.0,2023.0
1833,Michael Thomas,michael thomas,michael thomas,WR,00-0032765,ThomMi05,2016.0,2023.0
1834,Jonathan Taylor,jonathan taylor,jonathan taylor,RB,00-0036223,TaylJo02,2020.0,2023.0
1835,Roschon Johnson,roschon johnson,roschon johnson,RB,00-0039021,JohnRo07,2023.0,2023.0
1836,Braxton Berrios,braxton berrios,braxton berrios,WR,00-0034419,BerrBr00,2018.0,2023.0
1837,Cordarrelle Patterson,cordarrelle patterson,cordarrelle patterson,RB,00-0030578,PattCo00,2013.0,2023.0
1838,Garrett Wilson,garrett wilson,garrett wilson,WR,00-0037740,WilsGa00,2022.0,2023.0
1839,Ezekiel Elliott,ezekiel elliott,ezekiel elliott,RB,00-0033045,ElliEz00,2016.0,2023.0
1840,Jerick McKinnon,jerick mckinnon,jerick mckinnon,RB,00-0031376,McKiJe00,2014.0,2023.0
1841,Austin Ekeler,austin ekeler,austin ekeler,RB,00-0033699,EkelAu00,2017.0,2023.0
1842,Trey Palmer,trey palmer,trey palmer,WR,00-0039052,PalmTr00,2023.0,2023.0
1843,Mike Williams,mike williams,mike williams,WR,00-0033536,WillMi07,2017.0,2023.0
1844,Rashaad Penny,rashaad penny,rashaad penny,RB,00-0034750,PennRa00,2018.0,2023.0
1845,Deonte Harty,deonte harty,deonte harty,WR,00-0035215,HarrDe07,2019.0,2023.0
1846,Kadarius Toney,kadarius toney,kadarius toney,WR,00-0036913,ToneKa00,2021.0,2023.0
1847,Evan Hull,evan hull,evan hull,RB,00-0038397,HullEv00,2023.0,2023.0
1848,Tyler Boyd,tyler boyd,tyler boyd,WR,00-0033009,BoydTy00,2016.0,2023.0
1849,James Conner,james conner,james conner,RB,00-0033553,ConnJa00,2017.0,2023.0
1850,Justin Jefferson,justin jefferson,justin jefferson,WR,00-0036322,JeffJu00,2020.0,2023.0
1851,Chase Edmonds,chase edmonds,chase edmonds,RB,00-0034681,EdmoCh00,2018.0,2023.0
1852,Damien Harris,damien harris,damien harris,RB,00-0035657,HarrDa06,2019.0,2023.0
1853,Zach Evans,zach evans,zach evans,RB,00-0039136,EvanZa00,2023.0,2023.0
1854,Latavius Murray,latavius murray,latavius murray,RB,00-0030513,MurrLa00,2013.0,2023.0
1855,Tutu Atwell,tutu atwell,tutu atwell,WR,00-0036849,AtweTu00,2021.0,2023.0
1856,Baker Mayfield,baker mayfield,baker mayfield,QB,00-0034855,MayfBa00,2018.0,2023.0
1857,Rico Dowdle,rico dowdle,rico dowdle,RB,00-0036139,DowdRi01,2020.0,2023.0
1858,Greg Dulcich,greg dulcich,greg dulcich,TE,00-0037252,DulcGr00,2022.0,2023.0
1859,Amari Cooper,amari cooper,amari cooper,WR,00-0031544,CoopAm00,2015.0,2023.0
1860,Treylon Burks,treylon burks,treylon burks,WR,00-0037742,BurkTr00,2022.0,2023.0
1861,Tee Higgins,tee higgins,tee higgins,WR,00-0036410,HiggTe00,2020.0,2023.0
1862,Deon Jackson,deon jackson,deon jackson,RB,00-0036493,JackDe02,2021.0,2023.0
1863,Durham Smythe,durham smythe,durham smythe,TE,00-0034798,SmytDu00,2018.0,2023.0
1864,John Metchie III,john metchie,john metchie,WR,00-0037614,MetcJo00,2022.0,2023.0
1865,Trey Lance,trey lance,trey lance,QB,00-0037012,LancTr00,2021.0,2023.0
1866,Daniel Jones,daniel jones,daniel jones,QB,00-0035710,JoneDa05,2019.0,2023.0
1867,Dameon Pierce,dameon pierce,dameon pierce,RB,00-0037258,PierDa01,2022.0,2023.0
1868,Chris Evans,chris evans,chris evans,RB,00-0036857,EvanCh02,2021.0,2023.0
1869,Nick Chubb,nick chubb,nick chubb,RB,00-0034791,ChubNi00,2018.0,2023.0
1870,Desmond Ridder,desmond ridder,desmond ridder,QB,00-0038122,RiddDe00,2022.0,2023.0
1871,Quentin Johnston,quentin johnston,quentin johnston,WR,00-0038544,JohnQu02,2023.0,2023.0
1872,Aaron Rodgers,aaron rodgers,aaron rodgers,QB,00-0023459,RodgAa00,2005.0,2023.0
1873,Chase Claypool,chase claypool,chase claypool,WR,00-0036326,ClayCh01,2020.0,2023.0
1874,Tyquan Thornton,tyquan thornton,tyquan thornton,WR,00-0038104,ThorTy00,2022.0,2023.0
1875,Malik Davis,malik davis,malik davis,RB,00-0037563,DaviMa02,2022.0,2023.0
1876,Kyle Philips,kyle philips,kyle philips,WR,00-0037273,PhilKy01,2022.0,2023.0
1877,Quez Watkins,quez watkins,quez watkins,WR,00-0036271,WatkQu00,2020.0,2023.0
1878,Jerry Jeudy,jerry jeudy,jerry jeudy,WR,00-0036407,JeudJe00,2020.0,2023.0
1879,Keaontay Ingram,keaontay ingram,keaontay ingram,RB,00-0037299,IngrKe01,2022.0,2023.0
1880,Adam Trautman,adam trautman,adam trautman,TE,00-0036422,TrauAd00,2020.0,2023.0
1881,Mike White,mike white,mike white,QB,00-0034401,WhitMi01,2018.0,2023.0
1882,Will Levis,will levis,will levis,QB,00-0039152,LeviWi00,2023.0,2023.0
1883,Bijan Robinson,bijan robinson,bijan robinson,RB,00-0038542,RobiBi01,2023.0,2023.0
1884,Israel Abanikanda,israel abanikanda,israel abanikanda,RB,00-0038389,AbanIs00,2023.0,2023.0
1885,Corey Davis,corey davis,corey davis,WR,00-0033871,DaviCo03,2017.0,2023.0
1886,Terrace Marshall Jr.,terrace marshall,terrace marshall,WR,00-0036955,MarsTe00,2021.0,2023.0
1887,Deneric Prince,deneric prince,deneric prince,RB,00-0038518,,2023.0,2023.0
1888,Chris Rodriguez,chris rodriguez,chris rodriguez,RB,00-0038611,RodrCh00,2023.0,2023.0
1889,Logan Thomas,logan thomas,logan thomas,TE,00-0031260,ThomLo00,2014.0,2023.0
1890,Cooper Kupp,cooper kupp,cooper kupp,WR,00-0033908,KuppCo00,2017.0,2023.0
1891,Cole Turner,cole turner,cole turner,TE,00-0037078,TurnCo00,2022.0,2023.0
1892,Ben Skowronek,ben skowronek,ben skowronek,WR,00-0036862,SkowBe00,2021.0,2023.0
1893,Kalif Raymond,kalif raymond,kalif raymond,WR,00-0032464,RaymKa00,2016.0,2023.0
1894,Melvin Gordon III,melvin gordon,melvin gordon,RB,00-0032144,GordMe00,2015.0,2023.0
1895,Deshaun Watson,deshaun watson,deshaun watson,QB,00-0033537,WatsDe00,2017.0,2023.0
1896,Kendrick Bourne,kendrick bourne,kendrick bourne,WR,00-0033307,BourKe00,2017.0,2023.0
1897,Luke Schoonmaker,luke schoonmaker,luke schoonmaker,TE,00-0038547,SchoLu00,2023.0,2023.0
1898,Joe Burrow,joe burrow,joe burrow,QB,00-0036442,BurrJo01,2020.0,2023.0
1899,Randall Cobb,randall cobb,randall cobb,WR,00-0028002,CobbRa00,2011.0,2023.0
1900,Cedric Tillman,cedric tillman,cedric tillman,WR,00-0038979,TillCe01,2023.0,2023.0
1901,Russell Gage,russell gage,russell gage,WR,00-0034411,GageRu00,2018.0,2023.0
1902,Michael Carter,michael carter,michael carter,RB,00-0036924,CartMi03,2021.0,2023.0
1903,Calvin Austin III,calvin austin,calvin austin,WR,00-0037837,AustCa00,2022.0,2023.0
1904,Jelani Woods,jelani woods,jelani woods,TE,00-0037755,WoodJe01,2022.0,2023.0
1905,Dyami Brown,dyami brown,dyami brown,WR,00-0036626,BrowDy00,2021.0,2023.0
1906,Parker Washington,parker washington,parker washington,WR,00-0038606,WashPa01,2023.0,2023.0
1907,Jordan Mason,jordan mason,jordan mason,RB,00-0037525,MasoJo00,2022.0,2023.0
1908,Allen Robinson II,allen robinson,allen robinson,WR,00-0031428,RobiAl02,2014.0,2023.0
1909,Keaton Mitchell,keaton mitchell,keaton mitchell,RB,00-0038454,MitcKe01,2023.0,2023.0
1910,Robert Tonyan,robert tonyan,robert tonyan,TE,00-0033757,TonyRo00,2017.0,2023.0
1911,Justice Hill,justice hill,justice hill,RB,00-0034975,HillJu00,2019.0,2023.0
1912,Jauan Jennings,jauan jennings,jauan jennings,WR,00-0036259,JennJa00,2020.0,2023.0
1913,Devin Duvernay,devin duvernay,devin duvernay,WR,00-0036331,DuveDe00,2020.0,2023.0
1914,Greg Dortch,greg dortch,greg dortch,WR,00-0035500,DortGr01,2019.0,2023.0
1915,Eric Gray,eric gray,eric gray,RB,00-0038396,GrayEr01,2023.0,2023.0
1916,Trent Sherfield,trent sherfield,trent sherfield,WR,00-0034487,SherTr00,2018.0,2023.0
1917,James Robinson,james robinson,james robinson,RB,00-0035831,RobiJa00,2020.0,2023.0
1918,Kyle Trask,kyle trask,kyle trask,QB,00-0036928,TrasKy00,2021.0,2023.0
1919,Albert Okwuegbunam,albert okwuegbunam,albert okwuegbunam,TE,00-0036423,OkwuAl00,2020.0,2023.0
1920,Kayshon Boutte,kayshon boutte,kayshon boutte,WR,00-0038608,BoutKa00,2023.0,2023.0
1921,Noah Gray,noah gray,noah gray,TE,00-0036637,GrayNo00,2021.0,2023.0
1922,Kenyan Drake,kenyan drake,kenyan drake,RB,00-0033118,DrakKe00,2016.0,2023.0
1923,Will Mallory,will mallory,will mallory,TE,00-0038394,MallWi00,2023.0,2023.0
1924,Sterling Shepard,sterling shepard,sterling shepard,WR,00-0032385,ShepSt00,2016.0,2023.0
1925,Ke'Shawn Vaughn,keshawn vaughn,keshawn vaughn,RB,00-0036450,VaugKe00,2020.0,2023.0
1926,Robbie Chosen,robbie chosen,robbie chosen,WR,00-0032688,AndeRo04,2016.0,2023.0
1927,Isaiah Spiller,isaiah spiller,isaiah spiller,RB,00-0038045,SpilIs00,2022.0,2023.0
1928,Bryce Ford-Wheaton,bryce ford-wheaton,bryce ford-wheaton,WR,00-0038477,,2023.0,2023.0
1929,Nyheim Hines,nyheim hines,nyheim hines,RB,00-0034367,HineNy00,2018.0,2023.0
1930,Isaiah McKenzie,isaiah mckenzie,isaiah mckenzie,WR,00-0033466,McKeIs00,2017.0,2023.0
1931,Denzel Mims,denzel mims,denzel mims,WR,00-0036255,MimsDe00,2020.0,2023.0
1932,Jalen Tolbert,jalen tolbert,jalen tolbert,WR,00-0037666,TolbJa00,2022.0,2023.0
1933,Matt Breida,matt breida,matt breida,RB,00-0033308,BreiMa00,2017.0,2023.0
1934,Jalen Nailor,jalen nailor,jalen nailor,WR,00-0037291,NailJa00,2022.0,2023.0
1935,Jody Fortson,jody fortson,jody fortson,TE,00-0035547,FortJo01,2019.0,2023.0
1936,Laviska Shenault Jr.,laviska shenault,laviska shenault,WR,00-0036268,ShenLa00,2020.0,2023.0
1937,Cedrick Wilson,cedrick wilson,cedrick wilson,WR,00-0034418,WilsCe01,2018.0,2023.0
1938,Sam Darnold,sam darnold,sam darnold,QB,00-0034869,DarnSa00,2018.0,2023.0
1939,Clayton Tune,clayton tune,clayton tune,QB,00-0038582,TuneCl00,2023.0,2023.0
1940,Tucker Kraft,tucker kraft,tucker kraft,TE,00-0038996,KrafTu00,2023.0,2023.0
1941,Darnell Washington,darnell washington,darnell washington,TE,00-0038558,WashDa03,2023.0,2023.0
1942,Jamal Agnew,jamal agnew,jamal agnew,WR,00-0033572,AgneJa00,2017.0,2023.0
1943,Peyton Hendershot,peyton hendershot,peyton hendershot,TE,00-0037569,HendPe01,2022.0,2023.0
1944,DeMario Douglas,demario douglas,demario douglas,WR,00-0038621,DougDe00,2023.0,2023.0
1945,Xavier Hutchinson,xavier hutchinson,xavier hutchinson,WR,00-0038618,HutcXa00,2023.0,2023.0
1946,Marquise Goodwin,marquise goodwin,marquise goodwin,WR,00-0030068,GoodMa00,2013.0,2023.0
1947,Aidan O'Connell,aidan oconnell,aidan oconnell,QB,00-0038579,OConAi00,2023.0,2023.0
1948,Noah Brown,noah brown,noah brown,WR,00-0033591,BrowNo00,2017.0,2023.0
1949,Tyrion Davis-Price,tyrion davis-price,tyrion davis-price,RB,00-0037827,DaviTy03,2022.0,2023.0
1950,D'Ernest Johnson,dernest johnson,dernest johnson,RB,00-0035628,JohnDE04,2019.0,2023.0
1951,Foster Moreau,foster moreau,foster moreau,TE,00-0034981,MoreFo00,2019.0,2023.0
1952,Olamide Zaccheaus,olamide zaccheaus,olamide zaccheaus,WR,00-0035208,ZaccOl01,2019.0,2023.0
1953,Joshua Dobbs,joshua dobbs,joshua dobbs,QB,00-0033949,DobbJo00,2017.0,2023.0
1954,Ronald Jones,ronald jones,ronald jones,RB,00-0034816,JoneRo01,2018.0,2023.0
1955,Justin Watson,justin watson,justin watson,WR,00-0034386,WatsJu01,2018.0,2023.0
1956,Donald Parham Jr.,donald parham,donald parham,TE,00-0035329,ParhDo00,2019.0,2023.0
1957,Samori Toure,samori toure,samori toure,WR,00-0037098,TourSa00,2022.0,2023.0
1958,Charlie Kolar,charlie kolar,charlie kolar,TE,00-0038046,KolaCh00,2022.0,2023.0
1959,Tre Tucker,tre tucker,tre tucker,WR,00-0038563,TuckTr00,2023.0,2023.0
1960,Trenton Irwin,trenton irwin,trenton irwin,WR,00-0035341,IrwiTr00,2019.0,2023.0
1961,Raheem Blackshear,raheem blackshear,raheem blackshear,RB,00-0037429,BlacRa00,2022.0,2023.0
1962,Myles Gaskin,myles gaskin,myles gaskin,RB,00-0035311,GaskMy00,2019.0,2023.0
1963,Kevin Harris,kevin harris,kevin harris,RB,00-0037286,HarrKe01,2022.0,2023.0
1964,Marquez Callaway,marquez callaway,marquez callaway,WR,00-0036219,CallMa01,2020.0,2023.0
1965,Daniel Bellinger,daniel bellinger,daniel bellinger,TE,00-0038115,BellDa00,2022.0,2023.0
1966,Kirk Merritt,kirk merritt,kirk merritt,WR,00-0035844,MerrKi00,2020.0,2023.0
1967,Trey Sermon,trey sermon,trey sermon,RB,00-0036984,SermTr00,2021.0,2023.0
1968,Austin Watkins,austin watkins,austin watkins,WR,00-0036676,,2021.0,2023.0
1969,Jonnu Smith,jonnu smith,jonnu smith,TE,00-0033858,SmitJo01,2017.0,2023.0
1970,Hunter Luepke,hunter luepke,hunter luepke,RB,00-0038738,LuepHu00,2023.0,2023.0
1971,Charlie Jones,charlie jones,charlie jones,WR,00-0038576,JoneCh11,2023.0,2023.0
1972,Zack Kuntz,zack kuntz,zack kuntz,TE,00-0038406,KuntZa00,2023.0,2023.0
1973,Derius Davis,derius davis,derius davis,WR,00-0038573,DaviDe02,2023.0,2023.0
1974,Colby Parkinson,colby parkinson,colby parkinson,TE,00-0036244,ParkCo02,2020.0,2023.0
1975,Nick Westbrook-Ikhine,nick westbrook-ikhine,nick westbrook-ikhine,WR,00-0036182,WestNi00,2020.0,2023.0
1976,Zonovan Knight,zonovan knight,zonovan knight,RB,00-0037157,KnigZo00,2022.0,2023.0
1977,Austin Hooper,austin hooper,austin hooper,TE,00-0032392,HoopAu00,2016.0,2023.0
1978,Boston Scott,boston scott,boston scott,RB,00-0034414,ScotBo02,2018.0,2023.0
1979,Connor Heyward,connor heyward,connor heyward,TE,00-0037304,HeywCo00,2022.0,2023.0
1980,Grant DuBose,grant dubose,grant dubose,WR,,DuboGr00,2023.0,2023.0
1981,Colt McCoy,colt mccoy,colt mccoy,QB,00-0027688,McCoCo00,2010.0,2023.0
1982,Kenny McIntosh,kenny mcintosh,kenny mcintosh,RB,00-0038636,McInKe00,2023.0,2023.0
1983,Jimmy Graham,jimmy graham,jimmy graham,TE,00-0027696,GrahJi00,2010.0,2023.0
1984,Josh Oliver,josh oliver,josh oliver,TE,00-0035249,OlivJo00,2019.0,2023.0
1985,Kylen Granson,kylen granson,kylen granson,TE,00-0036876,GranKy00,2021.0,2023.0
1986,Will Dissly,will dissly,will dissly,TE,00-0034159,DissWi00,2018.0,2023.0
1987,Taylor Heinicke,taylor heinicke,taylor heinicke,QB,00-0031800,HeinTa00,2015.0,2023.0
1988,Jacoby Brissett,jacoby brissett,jacoby brissett,QB,00-0033119,BrisJa00,2016.0,2023.0
1989,Kene Nwangwu,kene nwangwu,kene nwangwu,RB,00-0036842,NwanKe00,2021.0,2023.0
1990,Ty Montgomery,ty montgomery,ty montgomery,WR,00-0032200,MontTy01,2015.0,2023.0
1991,A.T. Perry,at perry,at perry,WR,00-0038612,PerrAT00,2023.0,2023.0
1992,Drew Ogletree,drew ogletree,drew ogletree,TE,00-0037292,OgleAn00,2022.0,2023.0
1993,Xazavian Valladay,xazavian valladay,xazavian valladay,RB,00-0038727,,2023.0,2023.0
1994,Malik Willis,malik willis,malik willis,QB,00-0038128,WillMa12,2022.0,2023.0
1995,Mohamed Ibrahim,mohamed ibrahim,mohamed ibrahim,RB,00-0038656,IbraMo00,2023.0,2023.0
1996,Xavier Gipson,xavier gipson,xavier gipson,WR,00-0038496,GipsXa00,2023.0,2023.0
1997,Ronnie Bell,ronnie bell,ronnie bell,WR,00-0038647,BellRo01,2023.0,2023.0
1998,Salvon Ahmed,salvon ahmed,salvon ahmed,RB,00-0036020,AhmeSa01,2020.0,2023.0
1999,Bailey Zappe,bailey zappe,bailey zappe,QB,00-0038108,ZappBa00,2022.0,2023.0
2000,Elijah Higgins,elijah higgins,elijah higgins,WR,00-0039041,HiggEl00,2023.0,2023.0
2001,Dontayvion Wicks,dontayvion wicks,dontayvion wicks,WR,00-0038393,WickDo00,2023.0,2023.0
2002,Kyle Allen,kyle allen,kyle allen,QB,00-0034577,AlleKy00,2018.0,2023.0
2003,Hassan Haskins,hassan haskins,hassan haskins,RB,00-0037617,HaskHa00,2022.0,2023.0
2004,Gardner Minshew II,gardner minshew,gardner minshew,QB,00-0035289,MinsGa00,2019.0,2023.0
2005,Chris Moore,chris moore,chris moore,WR,00-0032398,MoorCh00,2016.0,2023.0
2006,Cooper Rush,cooper rush,cooper rush,QB,00-0033662,RushCo00,2017.0,2023.0
2007,Julius Chestnut,julius chestnut,julius chestnut,RB,00-0037594,ChesJu00,2022.0,2023.0
2008,Cameron Latu,cameron latu,cameron latu,TE,00-0038564,LatuCa01,2023.0,2023.0
2009,Marcus Mariota,marcus mariota,marcus mariota,QB,00-0032268,MariMa01,2015.0,2023.0
2010,Trevor Siemian,trevor siemian,trevor siemian,QB,00-0032156,SiemTr00,2015.0,2023.0
2011,Tyler Johnson,tyler johnson,tyler johnson,WR,00-0036427,JohnTy00,2020.0,2023.0
2012,Equanimeous St. Brown,equanimeous st brown,equanimeous st brown,WR,00-0034279,St.BEq00,2018.0,2023.0
2013,Andrei Iosivas,andrei iosivas,andrei iosivas,WR,00-0038619,IosiAn00,2023.0,2023.0
2014,Tyler Huntley,tyler huntley,tyler huntley,QB,00-0035993,HuntTy01,2020.0,2023.0
2015,KaVontae Turpin,kavontae turpin,kavontae turpin,WR,00-0037801,,2022.0,2023.0
2016,Justin Shorter,justin shorter,justin shorter,WR,00-0038590,ShorJu00,2023.0,2023.0
2017,C.J. Uzomah,cj uzomah,cj uzomah,TE,00-0032134,UzomC.00,2015.0,2023.0
2018,Sony Michel,sony michel,sony michel,RB,00-0034845,MichSo00,2018.0,2023.0
2019,Rakim Jarrett,rakim jarrett,rakim jarrett,WR,00-0038821,JarrRa00,2023.0,2023.0
2020,DeeJay Dallas,deejay dallas,deejay dallas,RB,00-0036425,DallDe00,2020.0,2023.0
2021,Hendon Hooker,hendon hooker,hendon hooker,QB,00-0038550,HookHe00,2023.0,2023.0
2022,Jarrett Stidham,jarrett stidham,jarrett stidham,QB,00-0035264,StidJa00,2019.0,2023.0
2023,Danny Gray,danny gray,danny gray,WR,00-0037828,GrayDa02,2022.0,2023.0
2024,Anthony McFarland,anthony mcfarland,anthony mcfarland,RB,00-0036336,McFaAn00,2020.0,2023.0
2025,Teagan Quitoriano,teagan quitoriano,teagan quitoriano,TE,00-0037277,QuitTe00,2022.0,2023.0
2026,John Hightower,john hightower,john hightower,WR,00-0036398,HighJo00,2020.0,2023.0
2027,Brenton Strange,brenton strange,brenton strange,TE,00-0038935,StraBr00,2023.0,2023.0
2028,Jake Bobo,jake bobo,jake bobo,WR,00-0038752,BoboJa00,2023.0,2023.0
2029,KJ Hamler,kj hamler,kj hamler,WR,00-0036412,HamlKJ00,2020.0,2023.0
2030,Colton Dowell,colton dowell,colton dowell,WR,00-0038632,DoweCo00,2023.0,2023.0
2031,Velus Jones Jr.,velus jones,velus jones,WR,00-0037745,JoneVe00,2022.0,2023.0
2032,Luke Farrell,luke farrell,luke farrell,TE,00-0036887,FarrLu00,2021.0,2023.0
2033,Jeremy Ruckert,jeremy ruckert,jeremy ruckert,TE,00-0037805,RuckJe00,2022.0,2023.0
2034,Matt Bushman,matt bushman,matt bushman,TE,00-0036519,BushMa00,2021.0,2023.0
2035,Tyson Bagent,tyson bagent,tyson bagent,QB,00-0038416,BageTy00,2023.0,2023.0
2036,Mike Boone,mike boone,mike boone,RB,00-0034208,BoonMi00,2018.0,2023.0
2037,Jordan Akins,jordan akins,jordan akins,TE,00-0034364,AkinJo00,2018.0,2023.0
2038,Antonio Brown,antonio brown,antonio brown,WR,00-0027793,BrowAn04,2010.0,2023.0
2039,Tom Brady,tom brady,tom brady,QB,00-0019596,BradTo00,2000.0,2023.0
2040,Eno Benjamin,eno benjamin,eno benjamin,RB,00-0036383,BenjEn00,2020.0,2023.0
2041,Hakeem Butler,hakeem butler,hakeem butler,TE,00-0035529,ButlHa00,2019.0,2023.0
2042,Malik Cunningham,malik cunningham,malik cunningham,QB,00-0038911,CunnMa00,2023.0,2023.0
2043,Payne Durham,payne durham,payne durham,TE,00-0039050,DurhPa00,2023.0,2023.0
2044,Dorian Thompson-Robinson,dorian thompson-robinson,dorian thompson-robinson,QB,00-0038583,ThomDo02,2023.0,2023.0
2045,Brevin Jordan,brevin jordan,brevin jordan,TE,00-0036556,JordBr00,2021.0,2023.0
2046,Troy Hairston,troy hairston,troy hairston,RB,00-0037456,HairTr00,2022.0,2023.0
2047,Jalen Reagor,jalen reagor,jalen reagor,WR,00-0036387,ReagJa00,2020.0,2023.0
2048,Mo Alie-Cox,mo alie-cox,mo alie-cox,TE,00-0033217,AlieMo00,2017.0,2023.0
2049,Dee Eskridge,dee eskridge,dee eskridge,WR,00-0036620,EskrDW00,2021.0,2023.0
2050,Kyle Juszczyk,kyle juszczyk,kyle juszczyk,RB,00-0029892,JuszKy00,2013.0,2023.0
2051,Davis Allen,davis allen,davis allen,TE,00-0039074,AlleDa02,2023.0,2023.0
2052,Nick Boyle,nick boyle,nick boyle,TE,00-0031598,BoylNi00,2015.0,2023.0
2053,John Ross,john ross,john ross,WR,00-0033460,RossJo00,2017.0,2023.0
2054,Jarvis Landry,jarvis landry,jarvis landry,WR,00-0031382,LandJa00,2014.0,2023.0
2055,Erik Ezukanma,erik ezukanma,erik ezukanma,WR,00-0038092,EzukEr00,2022.0,2023.0
2056,Easton Stick,easton stick,easton stick,QB,00-0035282,SticEa00,2019.0,2023.0
2057,Zach Wilson,zach wilson,zach wilson,QB,00-0037013,WilsZa00,2021.0,2023.0
2058,Jalen Guyton,jalen guyton,jalen guyton,WR,00-0035414,GuytJa01,2019.0,2023.0
2059,Julio Jones,julio jones,julio jones,WR,00-0027944,JoneJu02,2011.0,2023.0
2060,Jameis Winston,jameis winston,jameis winston,QB,00-0031503,WinsJa00,2015.0,2023.0
2061,Brandon Johnson,brandon johnson,brandon johnson,WR,00-0037382,JohnBr23,2022.0,2023.0
2062,Mark Ingram,mark ingram,mark ingram,RB,00-0027966,IngrMa01,2011.0,2023.0
2063,Ihmir Smith-Marsette,ihmir smith-marsette,ihmir smith-marsette,WR,00-0036635,SmitIh00,2021.0,2023.0
2064,Cole Beasley,cole beasley,cole beasley,WR,00-0029000,BeasCo00,2012.0,2023.0
2065,Andy Dalton,andy dalton,andy dalton,QB,00-0027973,DaltAn00,2011.0,2023.0
2066,David Bell,david bell,david bell,WR,00-0037257,BellDa02,2022.0,2023.0
2067,Zach Pascal,zach pascal,zach pascal,WR,00-0033251,PascZa00,2017.0,2023.0
2068,Brycen Hopkins,brycen hopkins,brycen hopkins,TE,00-0036424,HopkBr01,2020.0,2023.0
2069,O.J. Howard,oj howard,oj howard,TE,00-0033879,HowaO.00,2017.0,2023.0
2070,Harrison Bryant,harrison bryant,harrison bryant,TE,00-0036232,BryaHa00,2020.0,2023.0
2071,Freddie Swain,freddie swain,freddie swain,WR,00-0036247,SwaiFr00,2020.0,2023.0
2072,Demarcus Robinson,demarcus robinson,demarcus robinson,WR,00-0032775,RobiDe01,2016.0,2023.0
2073,Josh Whyle,josh whyle,josh whyle,TE,00-0038589,WhylJo01,2023.0,2023.0
2074,Marlon Mack,marlon mack,marlon mack,RB,00-0033951,MackMa00,2017.0,2023.0
2075,Ray-Ray McCloud III,ray-ray mccloud,ray-ray mccloud,WR,00-0034407,McClRa00,2018.0,2023.0
2076,Stetson Bennett,stetson bennett,stetson bennett,QB,00-0039107,BennSt00,2023.0,2023.0
2077,Shane Buechele,shane buechele,shane buechele,QB,00-0036679,,2021.0,2023.0
2078,Tre' McKitty,tre mckitty,tre mckitty,TE,00-0037011,McKiTr00,2021.0,2023.0
2079,James Mitchell,james mitchell,james mitchell,TE,00-0037282,MitcJa00,2022.0,2023.0
2080,JaMycal Hasty,jamycal hasty,jamycal hasty,RB,00-0035806,HastJa02,2020.0,2023.0
2081,Alex McGough,alex mcgough,alex mcgough,QB,00-0034732,McGoAl00,2018.0,2023.0
2082,Ross Dwelley,ross dwelley,ross dwelley,TE,00-0034073,DwelRo00,2018.0,2023.0
2083,Taulia Tagovailoa,taulia tagovailoa,,,,,,2023.0
2084,Nick Mullens,nick mullens,nick mullens,QB,00-0033319,MullNi00,2017.0,2023.0
2085,Demetric Felton,demetric felton,demetric felton,RB,00-0036654,FeltDe00,2021.0,2023.0
2086,Davis Mills,davis mills,davis mills,QB,00-0036898,MillDa02,2021.0,2023.0
2087,Drew Sample,drew sample,drew sample,TE,00-0035631,SampDr00,2019.0,2023.0
2088,Tre'Quan Smith,trequan smith,trequan smith,WR,00-0034765,SmitTr03,2018.0,2023.0
2089,La'Mical Perine,lamical perine,lamical perine,RB,00-0036269,PeriLa00,2020.0,2023.0
2090,Jaren Hall,jaren hall,jaren hall,QB,00-0038598,HallJa00,2023.0,2023.0
2091,Jared Pinkney,jared pinkney,jared pinkney,TE,00-0035787,,2020.0,2023.0
2092,Ashton Dulin,ashton dulin,ashton dulin,WR,00-0035021,DuliAs00,2019.0,2023.0
2093,Damien Williams,damien williams,damien williams,RB,00-0030874,WillDa05,2014.0,2023.0
2094,Antoine Green,antoine green,antoine green,WR,00-0038627,GreeAn00,2023.0,2023.0
2095,Todd Gurley,todd gurley,todd gurley,RB,00-0032241,GurlTo01,2015.0,2023.0
2096,Josiah Deguara,josiah deguara,josiah deguara,TE,00-0036332,DeguJo00,2020.0,2023.0
2097,Collin Johnson,collin johnson,collin johnson,WR,00-0036254,JohnCo01,2020.0,2023.0
2098,Craig Reynolds,craig reynolds,craig reynolds,RB,00-0035567,ReynCr00,2019.0,2023.0
2099,Lew Nichols,lew nichols,lew nichols,RB,00-0038409,NichLe00,2023.0,2023.0
2100,Tyler Badie,tyler badie,tyler badie,RB,00-0037085,BadiTy00,2022.0,2023.0
2101,Kearis Jackson,kearis jackson,kearis jackson,WR,00-0038969,JackKe02,2023.0,2023.0
2102,Patrick Taylor,patrick taylor,patrick taylor,RB,00-0035973,,2020.0,2023.0
2103,Ameer Abdullah,ameer abdullah,ameer abdullah,RB,00-0032104,AbduAm00,2015.0,2023.0
2104,Andy Isabella,andy isabella,andy isabella,WR,00-0035527,IsabAn00,2019.0,2023.0
2105,J.D. McKissic,jd mckissic,jd mckissic,RB,00-0032602,McKiJ.00,2016.0,2023.0
2106,Keytaon Thompson,keytaon thompson,,,,,,2023.0
2107,Simi Fehoko,simi fehoko,simi fehoko,WR,00-0036646,FehoSi00,2021.0,2023.0
2108,Chris Conley,chris conley,chris conley,WR,00-0032128,ConlCh00,2015.0,2023.0
2109,Elijah Cooks,elijah cooks,elijah cooks,WR,00-0038667,CookEl00,2023.0,2023.0
2110,Carson Wentz,carson wentz,carson wentz,QB,00-0032950,WentCa00,2016.0,2023.0
2111,Jake Browning,jake browning,jake browning,QB,00-0035100,,2019.0,2023.0
2112,Dan Arnold,dan arnold,dan arnold,TE,00-0034011,ArnoDa00,2017.0,2023.0
2113,River Cracraft,river cracraft,river cracraft,WR,00-0034054,,2017.0,2023.0
2114,P.J. Walker,pj walker,pj walker,QB,00-0033275,WalkPh00,2017.0,2023.0
2115,Bryan Edwards,bryan edwards,bryan edwards,WR,00-0036365,EdwaBr01,2020.0,2023.0
2116,Ronnie Rivers,ronnie rivers,ronnie rivers,RB,00-0037557,RiveRo01,2022.0,2023.0
2117,Blake Bell,blake bell,blake bell,TE,00-0032062,BellBl00,2015.0,2023.0
2118,A.J. Green,aj green,aj green,WR,00-0027942,GreeA.00,2011.0,2023.0
2119,Le'Veon Bell,leveon bell,leveon bell,RB,00-0030496,BellLe00,2013.0,2023.0
2120,Tyler Goodson,tyler goodson,tyler goodson,RB,00-0037120,,2022.0,2023.0
2121,Tanner Conner,tanner conner,,,,,,2023.0
2122,Daurice Fountain,daurice fountain,daurice fountain,WR,00-0034395,FounDa00,2018.0,2023.0
2123,Alexander Hollins,alexander hollins,alexander hollins,WR,00-0035104,HollAl00,2019.0,2023.0
2124,Sincere McCormick,sincere mccormick,sincere mccormick,RB,00-0037509,,2022.0,2023.0
2125,Scott Miller,scott miller,scott miller,WR,00-0035298,MillSc01,2019.0,2023.0
2126,Sean Clifford,sean clifford,sean clifford,QB,00-0038391,ClifSe00,2023.0,2023.0
2127,Tiyon Evans,tiyon evans,,,,,,2023.0
2128,Greg Olsen,greg olsen,greg olsen,TE,00-0025418,OlseGr00,2007.0,2023.0
2129,Grayson Gunter,grayson gunter,,,,,,2023.0
2130,Blaine Gabbert,blaine gabbert,blaine gabbert,QB,00-0027948,GabbBl00,2011.0,2023.0
2131,Kenny Golladay,kenny golladay,kenny golladay,WR,00-0033932,GollKe00,2017.0,2023.0
2132,Breshad Perriman,breshad perriman,breshad perriman,WR,00-0032054,PerrBr02,2015.0,2023.0
2133,Hunter Long,hunter long,hunter long,TE,00-0037004,LongHu00,2021.0,2023.0
2134,Laquon Treadwell,laquon treadwell,laquon treadwell,WR,00-0032951,TreaLa00,2016.0,2023.0
2135,Dare Ogunbowale,dare ogunbowale,dare ogunbowale,RB,00-0033854,OgunDa00,2017.0,2023.0
2136,Racey McMath,racey mcmath,racey mcmath,WR,00-0036652,McMaRa00,2021.0,2023.0
2137,N'Keal Harry,nkeal harry,nkeal harry,WR,00-0035624,HarrNK00,2019.0,2023.0
2138,Brian Hoyer,brian hoyer,brian hoyer,QB,00-0026625,,2009.0,2023.0
2139,DeAndre Carter,deandre carter,deandre carter,WR,00-0031763,CartDe02,2015.0,2023.0
2140,Brandon Bolden,brandon bolden,brandon bolden,RB,00-0029239,BoldBr00,2012.0,2023.0
2141,Dez Bryant,dez bryant,dez bryant,WR,00-0027902,BryaDe01,2010.0,2023.0
2142,Jamison Crowder,jamison crowder,jamison crowder,WR,00-0031941,CrowJa00,2015.0,2023.0
2143,Jalen Brooks,jalen brooks,jalen brooks,WR,00-0038640,BrooJa03,2023.0,2023.0
2144,Chandler Cox,chandler cox,chandler cox,RB,00-0035310,CoxxCh01,2019.0,2023.0
2145,Darrell Henderson Jr.,darrell henderson,darrell henderson,RB,00-0035664,HendDa00,2019.0,2023.0
2146,Spencer Brown,spencer brown,spencer brown,RB,00-0036543,BrowSp01,2021.0,2023.0
2147,Mitchell Trubisky,mitchell trubisky,mitchell trubisky,QB,00-0033869,TrubMi00,2017.0,2023.0
2148,Abram Smith,abram smith,abram smith,RB,00-0037546,,2022.0,2023.0
2149,Penny Hart,penny hart,penny hart,WR,00-0035022,HartPe01,2019.0,2023.0
2150,KhaDarel Hodge,khadarel hodge,khadarel hodge,WR,00-0034854,HodgKh00,2018.0,2023.0
2151,Teddy Bridgewater,teddy bridgewater,teddy bridgewater,QB,00-0031237,BridTe00,2014.0,2023.0
2152,Shi Smith,shi smith,shi smith,WR,00-0036572,SmitSh03,2021.0,2023.0
2153,Jacques Patrick,jacques patrick,jacques patrick,RB,00-0035760,,2019.0,2023.0
2154,Feleipe Franks,feleipe franks,feleipe franks,TE,00-0036825,,2021.0,2023.0
2155,Slade Bolden,slade bolden,slade bolden,WR,00-0037173,,2022.0,2023.0
2156,Snoop Conner,snoop conner,snoop conner,RB,00-0037265,ConnSn00,2022.0,2023.0
2157,Devon Allen,devon allen,devon allen,WR,00-0037039,,2022.0,2023.0
2158,Corey Clement,corey clement,corey clement,RB,00-0033725,ClemCo00,2017.0,2023.0
2159,MyCole Pruitt,mycole pruitt,mycole pruitt,TE,00-0031585,PruiMy00,2015.0,2023.0
2160,C.J. Beathard,cj beathard,cj beathard,QB,00-0033936,BeatC.00,2017.0,2023.0
2161,Ricky Ortiz,ricky ortiz,ricky ortiz,RB,00-0033374,,2017.0,2023.0
2162,Nathan Rourke,nathan rourke,nathan rourke,QB,00-0038150,,2023.0,2023.0
2163,Dante Pettis,dante pettis,dante pettis,WR,00-0034860,PettDa00,2018.0,2023.0
2164,Jaret Patterson,jaret patterson,jaret patterson,RB,00-0036755,PattJa01,2021.0,2023.0
2165,Tommy Tremble,tommy tremble,tommy tremble,TE,00-0037005,TremTo00,2021.0,2023.0
2166,John Bates,john bates,john bates,TE,00-0036628,BateJo00,2021.0,2023.0
2167,JaQuan Hardy,jaquan hardy,jaquan hardy,RB,00-0036768,,2021.0,2023.0
2168,John Kelly,john kelly,john kelly,RB,00-0034808,KellJo00,2018.0,2023.0
2169,Charleston Rambo,charleston rambo,charleston rambo,WR,00-0037366,,2022.0,2023.0
2170,Chase Allen,chase allen,,,,,,2023.0
2171,Tyler Kroft,tyler kroft,tyler kroft,TE,00-0032214,KrofTy00,2015.0,2023.0
2172,Drew Lock,drew lock,drew lock,QB,00-0035704,LockDr00,2019.0,2023.0
2173,Travis Homer,travis homer,travis homer,RB,00-0035594,HomeTr00,2019.0,2023.0
2174,Patrick Laird,patrick laird,patrick laird,RB,00-0035342,LairPa00,2019.0,2023.0
2175,Trestan Ebner,trestan ebner,trestan ebner,RB,00-0037087,EbneTr00,2022.0,2023.0
2176,Ty Johnson,ty johnson,ty johnson,RB,00-0035537,JohnTy02,2019.0,2023.0
2177,Dwayne Haskins,dwayne haskins,dwayne haskins,QB,00-0035232,HaskDw00,2019.0,2023.0
2178,Adrian Peterson,adrian peterson,adrian peterson,RB,00-0025394,PeteAd01,2007.0,2023.0
2179,Sammy Watkins,sammy watkins,sammy watkins,WR,00-0031325,WatkSa00,2014.0,2023.0
2180,Tony Jones Jr.,tony jones,tony jones,RB,00-0035860,JoneTo04,2020.0,2023.0
2181,SaRodorick Thompson,sarodorick thompson,sarodorick thompson,RB,00-0038910,ThomSa00,2023.0,2023.0
2182,Josh Doctson,josh doctson,josh doctson,WR,00-0032760,DoctJo00,2016.0,2023.0
2183,Anthony Schwartz,anthony schwartz,anthony schwartz,WR,00-0036999,SchwAn00,2021.0,2023.0
2184,Tylan Wallace,tylan wallace,tylan wallace,WR,00-0036630,WallTy00,2021.0,2023.0
2185,Cade Johnson,cade johnson,cade johnson,WR,00-0036810,,2021.0,2023.0
2186,Tanner Gentry,tanner gentry,tanner gentry,WR,00-0033633,GentTa00,2017.0,2023.0
2187,Jacob Copeland,jacob copeland,jacob copeland,WR,00-0038843,,2023.0,2023.0
2188,Master Teague,master teague,master teague,RB,00-0037111,,2022.0,2023.0
2189,Bryce Love,bryce love,bryce love,RB,00-0035256,LoveBr00,2019.0,2023.0
2190,Jake Bargas,jake bargas,,,,,,2023.0
2191,Cam Newton,cam newton,cam newton,QB,00-0027939,NewtCa00,2011.0,2023.0
2192,Henry Ruggs,henry ruggs,henry ruggs,WR,00-0036357,RuggHe00,2020.0,2023.0
2193,Deuce Watts,deuce watts,,,,,,2023.0
2194,Devin Asiasi,devin asiasi,devin asiasi,TE,00-0036194,AsiaDe00,2020.0,2023.0
2195,Jalen Hurd,jalen hurd,jalen hurd,WR,00-0034971,HurdJa00,2019.0,2023.0
2196,Matt Ryan,matt ryan,matt ryan,QB,00-0026143,RyanMa00,2008.0,2023.0
2197,Tyrod Taylor,tyrod taylor,tyrod taylor,QB,00-0028118,TaylTy00,2011.0,2023.0
2198,Kendall Hinton,kendall hinton,kendall hinton,WR,00-0035864,HintKe00,2020.0,2023.0
2199,Lil'Jordan Humphrey,liljordan humphrey,liljordan humphrey,WR,00-0035406,HumpLi01,2019.0,2023.0
2200,Mike Thomas,mike thomas,mike thomas,WR,00-0033114,ThomMi04,2016.0,2023.0
2201,Sam Ehlinger,sam ehlinger,sam ehlinger,QB,00-0036879,EhliSa00,2021.0,2023.0
2202,Darrynton Evans,darrynton evans,darrynton evans,RB,00-0036297,EvanDa02,2020.0,2023.0
2203,Derrick Deese,derrick deese,,,,,,2023.0
2204,Dwayne Washington,dwayne washington,dwayne washington,RB,00-0032450,WashDw00,2016.0,2023.0
2205,Quintin Morris,quintin morris,quintin morris,TE,00-0036590,,2021.0,2023.0
2206,Rob Gronkowski,rob gronkowski,rob gronkowski,TE,00-0027656,GronRo00,2010.0,2023.0
2207,Warren Jackson,warren jackson,warren jackson,WR,00-0036721,,2021.0,2023.0
2208,Armani Rogers,armani rogers,armani rogers,TE,00-0037168,RogeAr00,2022.0,2023.0
2209,Alec Ingold,alec ingold,alec ingold,RB,00-0035125,,2019.0,2023.0
2210,Mitchell Tinsley,mitchell tinsley,mitchell tinsley,WR,00-0038839,TinsMi00,2023.0,2023.0
2211,Nick Muse,nick muse,nick muse,TE,00-0037317,MuseNi00,2022.0,2023.0
2212,Kahale Warring,kahale warring,kahale warring,TE,00-0035660,WarrKa00,2019.0,2023.0
2213,Justin Hardy,justin hardy,justin hardy,WR,00-0031570,HardJu00,2015.0,2023.0
2214,Gerrit Prince,gerrit prince,gerrit prince,TE,00-0037233,,2022.0,2023.0
2215,Tim Jones,tim jones,tim jones,WR,00-0036497,,2021.0,2023.0
2216,Jared Cook,jared cook,jared cook,TE,00-0027061,CookJa02,2009.0,2023.0
2217,Montrell Washington,montrell washington,montrell washington,WR,00-0037272,WashMo00,2022.0,2023.0
2218,J.J. Taylor,jj taylor,jj taylor,RB,00-0036096,TaylJJ01,2020.0,2023.0
2219,Gary Brightwell,gary brightwell,gary brightwell,RB,00-0036569,BrigGa00,2021.0,2023.0
2220,Juwan Green,juwan green,,,,,,2023.0
2221,Lawrence Cager,lawrence cager,lawrence cager,TE,00-0036145,,2020.0,2023.0
2222,Damiere Byrd,damiere byrd,damiere byrd,WR,00-0031868,ByrdDa00,2015.0,2023.0
2223,Dontrell Hilliard,dontrell hilliard,dontrell hilliard,RB,00-0034253,HillDo00,2018.0,2023.0
2224,Ian Book,ian book,ian book,QB,00-0036929,BookIa00,2021.0,2023.0
2225,Willie Snead,willie snead,willie snead,WR,00-0030663,SneaWi00,2014.0,2023.0
2226,Drew Brees,drew brees,drew brees,QB,00-0020531,BreeDr00,2001.0,2023.0
2227,Larry Fitzgerald,larry fitzgerald,larry fitzgerald,WR,00-0022921,FitzLa00,2004.0,2023.0
2228,Chris Carson,chris carson,chris carson,RB,00-0033594,CarsCh00,2017.0,2023.0
2229,Tajae Sharpe,tajae sharpe,tajae sharpe,WR,00-0032778,SharTa00,2016.0,2023.0
2230,Osirus Mitchell,osirus mitchell,osirus mitchell,WR,00-0036773,,2021.0,2023.0
2231,Zander Horvath,zander horvath,zander horvath,RB,00-0037331,HorvZa00,2022.0,2023.0
2232,Jack Stoll,jack stoll,jack stoll,TE,00-0036741,StolJa00,2021.0,2023.0
2233,Joseph Ngata,joseph ngata,joseph ngata,WR,00-0038484,,2023.0,2023.0
2234,Dion Lewis,dion lewis,dion lewis,RB,00-0028087,LewiDi00,2011.0,2023.0
2235,Deven Thompkins,deven thompkins,deven thompkins,WR,00-0037487,ThomDe07,2022.0,2023.0
2236,Shane Zylstra,shane zylstra,shane zylstra,TE,00-0036534,ZylsSh00,2021.0,2023.0
2237,Brenden Knox,brenden knox,,,,,,2023.0
2238,James Washington,james washington,james washington,WR,00-0034676,WashJa00,2018.0,2023.0
2239,Cole Kelley,cole kelley,cole kelley,QB,00-0037165,,2022.0,2023.0
2240,Keelan Cole,keelan cole,keelan cole,WR,00-0033681,ColeKe00,2017.0,2023.0
2241,Dez Fitzpatrick,dez fitzpatrick,dez fitzpatrick,WR,00-0036627,FitzDe00,2021.0,2023.0
2242,Jalen Virgil,jalen virgil,jalen virgil,WR,00-0037387,VirgJa00,2022.0,2023.0
2243,Josh Adams,josh adams,josh adams,RB,00-0034457,AdamJo03,2018.0,2023.0
2244,Travis Vokolek,travis vokolek,travis vokolek,TE,00-0038456,,2023.0,2023.0
2245,AJ McCarron,aj mccarron,aj mccarron,QB,00-0031288,McCaA.00,2014.0,2023.0
2246,T.Y. Hilton,ty hilton,ty hilton,WR,00-0029608,HiltT.00,2012.0,2023.0
2247,Colin Kaepernick,colin kaepernick,colin kaepernick,QB,00-0027974,KaepCo00,2011.0,2023.0
2248,Rodney Smith,rodney smith,rodney smith,RB,00-0035957,SmitRo08,2020.0,2023.0
2249,Jake Haener,jake haener,jake haener,QB,00-0038998,HaenJa00,2023.0,2023.0
2250,Jeremiah Haydel,jeremiah haydel,,,,,,2023.0
2251,Grant Calcaterra,grant calcaterra,grant calcaterra,TE,00-0037086,CalcGr00,2022.0,2023.0
2252,Eric Saubert,eric saubert,eric saubert,TE,00-0033576,SaubEr00,2017.0,2023.0
2253,Giovanni Ricci,giovanni ricci,giovanni ricci,TE,00-0035956,,2020.0,2023.0
2254,Skylar Thompson,skylar thompson,skylar thompson,QB,00-0037327,ThomSk00,2022.0,2023.0
2255,Cody Thompson,cody thompson,cody thompson,WR,00-0035164,,2019.0,2023.0
2256,Tyree Jackson,tyree jackson,tyree jackson,TE,00-0035356,,2019.0,2023.0
2257,Cole Fotheringham,cole fotheringham,cole fotheringham,TE,00-0037506,,2022.0,2023.0
2258,Josh Love,josh love,,,,,,2023.0
2259,Cameron Scarlett,cameron scarlett,,,,,,2023.0
2260,Senorise Perry,senorise perry,senorise perry,RB,00-0031209,,2014.0,2023.0
2261,LeSean McCoy,lesean mccoy,lesean mccoy,RB,00-0027029,McCoLe01,2009.0,2023.0
2262,Buddy Howell,buddy howell,buddy howell,RB,00-0034449,HoweGr00,2018.0,2023.0
2263,Tay Martin,tay martin,tay martin,WR,00-0037524,MartTa00,2022.0,2023.0
2264,Byron Pringle,byron pringle,byron pringle,WR,00-0034297,PrinBy00,2018.0,2023.0
2265,Avery Williams,avery williams,avery williams,RB,00-0036950,WillAv02,2021.0,2023.0
2266,Lance McCutcheon,lance mccutcheon,lance mccutcheon,WR,00-0037055,McCuLa01,2022.0,2023.0
2267,Pooka Williams,pooka williams,pooka williams,WR,00-0036734,WillPo01,2021.0,2023.0
2268,Kameron Brown,kameron brown,,,,,,2023.0
2269,Jeff Driskel,jeff driskel,jeff driskel,QB,00-0032436,DrisJe00,2016.0,2023.0
2270,Gary Jennings,gary jennings,gary jennings,WR,00-0035589,JennGa00,2019.0,2023.0
2271,Ra'Shaun Henry,rashaun henry,,,,,,2023.0
2272,Ben Sims,ben sims,ben sims,TE,00-0038809,SimsBe00,2023.0,2023.0
2273,Kyle Rudolph,kyle rudolph,kyle rudolph,TE,00-0027981,RudoKy00,2011.0,2023.0
2274,Jashaun Corbin,jashaun corbin,jashaun corbin,RB,00-0037410,,2022.0,2023.0
2275,Devonta Freeman,devonta freeman,devonta freeman,RB,00-0031285,FreeDe00,2014.0,2023.0
2276,Royce Freeman,royce freeman,royce freeman,RB,00-0034838,FreeRo00,2018.0,2023.0
2277,Jonathan Ward,jonathan ward,jonathan ward,RB,00-0035924,WardJo00,2020.0,2023.0
2278,Amari Rodgers,amari rodgers,amari rodgers,WR,00-0036991,RodgAm00,2021.0,2023.0
2279,Keke Coutee,keke coutee,keke coutee,WR,00-0034366,CoutKe00,2018.0,2023.0
2280,Nick O'Leary,nick oleary,nick oleary,TE,00-0032117,OLeaNi00,2015.0,2023.0
2281,Charlie Woerner,charlie woerner,charlie woerner,TE,00-0036429,WoerCh00,2020.0,2023.0
2282,Max Borghi,max borghi,max borghi,RB,00-0037389,,2022.0,2023.0
2283,Dee Wiggins,dee wiggins,,,,,,2023.0
2284,DeSean Jackson,desean jackson,desean jackson,WR,00-0026189,JackDe00,2008.0,2023.0
2285,Rex Burkhead,rex burkhead,rex burkhead,RB,00-0030288,BurkRe00,2013.0,2023.0
2286,Cornell Powell,cornell powell,cornell powell,WR,00-0036647,PoweCo00,2021.0,2023.0
2287,Pharaoh Brown,pharaoh brown,pharaoh brown,TE,00-0033439,BrowPh01,2017.0,2023.0
2288,Malik Taylor,malik taylor,malik taylor,WR,00-0035480,TaylMa01,2019.0,2023.0
2289,Rashard Higgins,rashard higgins,rashard higgins,WR,00-0032977,HiggRa00,2016.0,2023.0
2290,Terry Godwin,terry godwin,terry godwin,WR,00-0035313,GodwTe00,2019.0,2023.0
2291,Mike Davis,mike davis,mike davis,RB,00-0032063,DaviMi01,2015.0,2023.0
2292,Bryant Koback,bryant koback,bryant koback,RB,00-0037495,,2022.0,2023.0
2293,Joe Flacco,joe flacco,joe flacco,QB,00-0026158,FlacJo00,2008.0,2023.0
2294,Jared Bernhardt,jared bernhardt,jared bernhardt,WR,00-0037580,BernJa00,2022.0,2023.0
2295,Cam Sims,cam sims,cam sims,WR,00-0034104,SimsCa00,2018.0,2023.0
2296,Tevin Jones,tevin jones,tevin jones,WR,00-0032728,,2016.0,2023.0
2297,Will Grier,will grier,will grier,QB,00-0035251,GrieWi00,2019.0,2023.0
2298,Brian Hill,brian hill,brian hill,RB,00-0033567,HillBr02,2017.0,2023.0
2299,Tony Brown,tony brown,tony brown,WR,00-0036111,BrowTo03,2020.0,2023.0
2300,Max Duggan,max duggan,max duggan,QB,00-0038637,DuggMa00,2023.0,2023.0
2301,Devin Funchess,devin funchess,devin funchess,TE,00-0032055,FuncDe00,2015.0,2023.0
2302,Ty'Son Williams,tyson williams,tyson williams,RB,00-0036457,WillTy01,2020.0,2023.0
2303,Mitchell Wilcox,mitchell wilcox,mitchell wilcox,TE,00-0035771,,2020.0,2023.0
2304,Grant Gunnell,grant gunnell,,,,,,2023.0
2305,Case Keenum,case keenum,case keenum,QB,00-0028986,,2012.0,2023.0
2306,Taiwan Jones,taiwan jones,taiwan jones,RB,00-0028063,JoneTa00,2011.0,2023.0
2307,Matt Sokol,matt sokol,matt sokol,TE,00-0035436,,2019.0,2023.0
2308,Brittain Brown,brittain brown,brittain brown,RB,00-0037329,BrowBr06,2022.0,2023.0
2309,Kenjon Barner,kenjon barner,kenjon barner,RB,00-0030465,BarnKe00,2013.0,2023.0
2310,Jaylon Moore,jaylon moore,,,,,,2023.0
2311,Godwin Igwebuike,godwin igwebuike,godwin igwebuike,RB,00-0034614,IgweGo00,2018.0,2023.0
2312,Brayden Willis,brayden willis,brayden willis,TE,00-0038643,WillBr06,2023.0,2023.0
2313,Miller Forristall,miller forristall,miller forristall,TE,00-0036692,ForrMi00,2021.0,2023.0
2314,Nick Bowers,nick bowers,nick bowers,TE,00-0036083,,2020.0,2023.0
2315,Reggie Bonnafon,reggie bonnafon,reggie bonnafon,RB,00-0034578,,2019.0,2023.0
2316,Dalton Keene,dalton keene,dalton keene,TE,00-0036225,KeenDa00,2020.0,2023.0
2317,Dre Miller,dre miller,,,,,,2023.0
2318,Jake Fromm,jake fromm,jake fromm,QB,00-0036197,FromJa00,2020.0,2023.0
2319,Austin Walter,austin walter,austin walter,RB,00-0035187,WaltAu00,2019.0,2023.0
2320,Keith Kirkwood,keith kirkwood,keith kirkwood,WR,00-0034317,KirkKe00,2018.0,2023.0
2321,K.J. Costello,kj costello,,,,,,2023.0
2322,Tory Carter,tory carter,tory carter,RB,00-0036691,,2021.0,2023.0
2323,Marcus Baugh,marcus baugh,marcus baugh,TE,00-0034169,,2018.0,2023.0
2324,Ryan Becker,ryan becker,,,,,,2023.0
2325,Logan Woodside,logan woodside,logan woodside,QB,00-0034438,WoodLo00,2018.0,2023.0
2326,Justin Jackson,justin jackson,justin jackson,RB,00-0034440,JackJu01,2018.0,2023.0
2327,Aaron Shampklin,aaron shampklin,,,,,,2023.0
2328,Josh Ali,josh ali,,,,,,2023.0
2329,Cheyenne O'Grady,cheyenne ogrady,,,,,,2023.0
2330,Troymaine Pope,troymaine pope,troymaine pope,RB,00-0033164,PopeTr00,2016.0,2023.0
2331,Patrick Ricard,patrick ricard,patrick ricard,RB,00-0033376,RicaPa00,2017.0,2023.0
2332,TJ Tampa,tj tampa,,,,,,2023.0
2333,Jaden Walley,jaden walley,,,,,,2023.0
2334,CJ Verdell,cj verdell,,,,,,2023.0
2335,D.J. Montgomery,dj montgomery,dj montgomery,WR,00-0035045,,2019.0,2023.0
2336,Keith Smith,keith smith,keith smith,RB,00-0030968,,2014.0,2023.0
2337,Anthony Gordon,anthony gordon,anthony gordon,QB,00-0035988,,2020.0,2023.0
2338,Elijah Holyfield,elijah holyfield,elijah holyfield,RB,00-0035442,,2019.0,2023.0
2339,Nick Foles,nick foles,nick foles,QB,00-0029567,FoleNi00,2012.0,2023.0
2340,Danny Amendola,danny amendola,danny amendola,WR,00-0026035,AmenDa00,2008.0,2023.0
2341,Emeka Emezie,emeka emezie,,,,,,2023.0
2342,Derrius Guice,derrius guice,derrius guice,RB,00-0034358,GuicDe00,2018.0,2023.0
2343,Trent Taylor,trent taylor,trent taylor,WR,00-0033292,TaylTr02,2017.0,2023.0
2344,Jaydon Mickens,jaydon mickens,jaydon mickens,WR,00-0033006,MickJa01,2016.0,2023.0
2345,Tarik Black,tarik black,tarik black,WR,00-0036491,BlacTa00,2021.0,2023.0
2346,Alize Mack,alize mack,alize mack,TE,00-0035309,MackAl00,2019.0,2023.0
2347,Jordan Wilkins,jordan wilkins,jordan wilkins,RB,00-0034400,WilkJo01,2018.0,2023.0
2348,Antoine Winfield,antoine winfield,,,,,,2023.0
2349,Dexter Williams,dexter williams,dexter williams,RB,00-0034995,WillDe07,2019.0,2023.0
2350,Dominique Dafney,dominique dafney,dominique dafney,TE,00-0036456,DafnDo00,2020.0,2023.0
2351,Matt Barkley,matt barkley,matt barkley,QB,00-0030533,BarkMa00,2013.0,2023.0
2352,Myron Mitchell,myron mitchell,,,,,,2023.0
2353,Tom Kennedy,tom kennedy,tom kennedy,WR,00-0035544,KennTo01,2019.0,2023.0
2354,Jester Weah,jester weah,jester weah,WR,00-0034633,,2018.0,2023.0
2355,Paul Perkins,paul perkins,paul perkins,RB,00-0032417,PerkPa00,2016.0,2023.0
2356,Tanner Morgan,tanner morgan,tanner morgan,QB,00-0038744,,2023.0,2023.0
2357,Isaiah Ford,isaiah ford,isaiah ford,WR,00-0033471,FordIs00,2017.0,2023.0
2358,Frank Darby,frank darby,frank darby,WR,00-0036951,DarbFr00,2021.0,2023.0
2359,Rodney Adams,rodney adams,rodney adams,WR,00-0033957,AdamRo01,2017.0,2023.0
2360,DJ Turner,dj turner,dj turner,WR,00-0036527,,2021.0,2023.0
2361,Makai Polk,makai polk,makai polk,WR,00-0037183,,2022.0,2023.0
2362,Michael Burton,michael burton,michael burton,RB,00-0031595,BurtMi00,2015.0,2023.0
2363,Hunter Bryant,hunter bryant,hunter bryant,TE,00-0036008,BryaHu02,2020.0,2023.0
2364,T.J. Pledger,tj pledger,,,,,,2023.0
2365,Tre Nixon,tre nixon,tre nixon,WR,00-0036536,NixoTr01,2021.0,2023.0
2366,Alex Collins,alex collins,alex collins,RB,00-0032426,CollAl00,2016.0,2023.0
0,Christian McCaffrey,christian mccaffrey,christian mccaffrey,RB,00-0033280,McCaCh01,2017.0,2024
1,CeeDee Lamb,ceedee lamb,ceedee lamb,WR,00-0036358,LambCe00,2020.0,2024
2,Tyreek Hill,tyreek hill,tyreek hill,WR,00-0033040,HillTy00,2016.0,2024
3,Ja'Marr Chase,jamarr chase,jamarr chase,WR,00-0036900,ChasJa00,2021.0,2024
4,Justin Jefferson,justin jefferson,justin jefferson,WR,00-0036322,JeffJu00,2020.0,2024
5,Amon-Ra St. Brown,amon-ra st brown,amon-ra st brown,WR,00-0036963,StxxAm00,2021.0,2024
6,Bijan Robinson,bijan robinson,bijan robinson,RB,00-0038542,RobiBi01,2023.0,2024
7,Jahmyr Gibbs,jahmyr gibbs,jahmyr gibbs,RB,00-0039139,GibbJa01,2023.0,2024
8,Puka Nacua,puka nacua,puka nacua,WR,00-0039075,NacuPu00,2023.0,2024
9,Breece Hall,breece hall,breece hall,RB,00-0038120,HallBr03,2022.0,2024
10,A.J. Brown,aj brown,aj brown,WR,00-0035676,BrowAJ00,2019.0,2024
11,Garrett Wilson,garrett wilson,garrett wilson,WR,00-0037740,WilsGa00,2022.0,2024
12,Saquon Barkley,saquon barkley,saquon barkley,RB,00-0034844,BarkSa00,2018.0,2024
13,Jonathan Taylor,jonathan taylor,jonathan taylor,RB,00-0036223,TaylJo02,2020.0,2024
14,Drake London,drake london,drake london,WR,00-0037238,LondDr00,2022.0,2024
15,Marvin Harrison,marvin harrison,marvin harrison,WR,00-0039849,HarrMa09,2024.0,2024
17,Kyren Williams,kyren williams,kyren williams,RB,00-0037840,WillKy02,2022.0,2024
18,Brandon Aiyuk,brandon aiyuk,brandon aiyuk,WR,00-0036261,AiyuBr00,2020.0,2024
19,Deebo Samuel,deebo samuel,deebo samuel,WR,00-0035719,SamuDe00,2019.0,2024
20,Chris Olave,chris olave,chris olave,WR,00-0037239,OlavCh00,2022.0,2024
21,Nico Collins,nico collins,nico collins,WR,00-0036554,CollNi00,2021.0,2024
22,Mike Evans,mike evans,mike evans,WR,00-0031408,EvanMi00,2014.0,2024
23,Davante Adams,davante adams,davante adams,WR,00-0031381,AdamDa01,2014.0,2024
24,D.J. Moore,dj moore,dj moore,WR,00-0034827,MoorD.00,2018.0,2024
25,De'Von Achane,devon achane,devon achane,RB,00-0039040,AchaDe00,2023.0,2024
26,Stefon Diggs,stefon diggs,stefon diggs,WR,00-0031588,DiggSt00,2015.0,2024
27,DK Metcalf,dk metcalf,dk metcalf,WR,00-0035640,MetcDK00,2019.0,2024
28,Jaylen Waddle,jaylen waddle,jaylen waddle,WR,00-0036613,WaddJa00,2021.0,2024
29,Michael Pittman Jr.,michael pittman,michael pittman,WR,00-0036252,PittMi01,2020.0,2024
31,Sam LaPorta,sam laporta,sam laporta,TE,00-0039065,LaPoSa01,2023.0,2024
32,Malik Nabers,malik nabers,malik nabers,WR,00-0039337,NabeMa00,2024.0,2024
33,Derrick Henry,derrick henry,derrick henry,RB,00-0032764,HenrDe00,2016.0,2024
34,DeVonta Smith,devonta smith,devonta smith,WR,00-0036912,SmitDe07,2021.0,2024
35,Cooper Kupp,cooper kupp,cooper kupp,WR,00-0033908,KuppCo00,2017.0,2024
36,Josh Jacobs,josh jacobs,josh jacobs,RB,00-0035700,JacoJo01,2019.0,2024
37,Jalen Hurts,jalen hurts,jalen hurts,QB,00-0036389,HurtJa00,2020.0,2024
38,Zay Flowers,zay flowers,zay flowers,WR,00-0039064,FlowZa00,2023.0,2024
39,Amari Cooper,amari cooper,amari cooper,WR,00-0031544,CoopAm00,2015.0,2024
40,Christian Kirk,christian kirk,christian kirk,WR,00-0034775,KirkCh01,2018.0,2024
41,Josh Allen,josh allen,josh allen,QB,00-0034857,AlleJo02,2018.0,2024
42,Travis Kelce,travis kelce,travis kelce,TE,00-0030506,KelcTr00,2013.0,2024
43,Tee Higgins,tee higgins,tee higgins,WR,00-0036410,HiggTe00,2020.0,2024
44,Travis Etienne Jr.,travis etienne,travis etienne,RB,00-0036973,EtieTr00,2021.0,2024
45,Isiah Pacheco,isiah pacheco,isiah pacheco,RB,00-0037197,PachIs00,2022.0,2024
46,Tank Dell,tank dell,tank dell,WR,00-0038977,DellNa00,2023.0,2024
47,Lamar Jackson,lamar jackson,lamar jackson,QB,00-0034796,JackLa00,2018.0,2024
48,Trey McBride,trey mcbride,trey mcbride,TE,00-0037744,McBrTr01,2022.0,2024
49,George Pickens,george pickens,george pickens,WR,00-0037247,PickGe00,2022.0,2024
50,Keenan Allen,keenan allen,keenan allen,WR,00-0030279,AlleKe00,2013.0,2024
51,Patrick Mahomes,patrick mahomes,patrick mahomes,QB,00-0033873,MahoPa00,2017.0,2024
52,Mark Andrews,mark andrews,mark andrews,TE,00-0034753,AndrMa00,2018.0,2024
53,C.J. Stroud,cj stroud,cj stroud,QB,00-0039163,StroCJ00,2023.0,2024
54,Anthony Richardson,anthony richardson,anthony richardson,QB,00-0039164,RichAn03,2023.0,2024
55,Rachaad White,rachaad white,rachaad white,RB,00-0037256,WhitRa01,2022.0,2024
56,James Cook,james cook,james cook,RB,00-0037248,CookJa01,2022.0,2024
57,Dalton Kincaid,dalton kincaid,dalton kincaid,TE,00-0038933,KincDa00,2023.0,2024
58,Joe Mixon,joe mixon,joe mixon,RB,00-0033897,MixoJo00,2017.0,2024
59,Terry McLaurin,terry mclaurin,terry mclaurin,WR,00-0035659,McLaTe00,2019.0,2024
60,Kenneth Walker III,kenneth walker,kenneth walker,RB,00-0038134,WalkKe00,2022.0,2024
61,Jayden Reed,jayden reed,jayden reed,WR,00-0039146,ReedJa03,2023.0,2024
62,Hollywood Brown,marquise brown,marquise brown,WR,00-0035662,BrowMa04,2019.0,2024
63,Calvin Ridley,calvin ridley,calvin ridley,WR,00-0034837,RidlCa00,2018.0,2024
64,Kyle Pitts,kyle pitts,kyle pitts,TE,00-0036970,PittKy00,2021.0,2024
65,George Kittle,george kittle,george kittle,TE,00-0033288,KittGe00,2017.0,2024
66,David Montgomery,david montgomery,david montgomery,RB,00-0035685,MontDa01,2019.0,2024
67,Brian Thomas,brian thomas,brian thomas,WR,00-0039893,ThomBr06,2024.0,2024
68,Chris Godwin,chris godwin,chris godwin,WR,00-0033921,GodwCh00,2017.0,2024
69,Xavier Worthy,xavier worthy,xavier worthy,WR,00-0039894,WortXa00,2024.0,2024
70,Rome Odunze,rome odunze,rome odunze,WR,00-0039919,OdunRo00,2024.0,2024
71,Ladd McConkey,ladd mcconkey,ladd mcconkey,WR,00-0039915,McCoLa00,2024.0,2024
72,Alvin Kamara,alvin kamara,alvin kamara,RB,00-0033906,KamaAl00,2017.0,2024
73,Joe Burrow,joe burrow,joe burrow,QB,00-0036442,BurrJo01,2020.0,2024
74,Kyler Murray,kyler murray,kyler murray,QB,00-0035228,MurrKy00,2019.0,2024
75,Aaron Jones,aaron jones,aaron jones,RB,00-0033293,JoneAa00,2017.0,2024
76,Zamir White,zamir white,zamir white,RB,00-0038040,WhitZa01,2022.0,2024
77,Evan Engram,evan engram,evan engram,TE,00-0033881,EngrEv00,2017.0,2024
78,Christian Watson,christian watson,christian watson,WR,00-0038124,WatsCh00,2022.0,2024
79,Diontae Johnson,diontae johnson,diontae johnson,WR,00-0035216,JohnDi01,2019.0,2024
80,Keon Coleman,keon coleman,keon coleman,WR,00-0039901,ColeKe02,2024.0,2024
81,Jameson Williams,jameson williams,jameson williams,WR,00-0037240,WillJa11,2022.0,2024
82,DeAndre Hopkins,deandre hopkins,deandre hopkins,WR,00-0030564,HopkDe00,2013.0,2024
83,Rhamondre Stevenson,rhamondre stevenson,rhamondre stevenson,RB,00-0036875,StevRh00,2021.0,2024
84,Dak Prescott,dak prescott,dak prescott,QB,00-0033077,PresDa01,2016.0,2024
85,Rashee Rice,rashee rice,rashee rice,WR,00-0039067,RiceRa01,2023.0,2024
86,D'Andre Swift,dandre swift,dandre swift,RB,00-0036275,SwifDA00,2020.0,2024
87,James Conner,james conner,james conner,RB,00-0033553,ConnJa00,2017.0,2024
88,Jordan Love,jordan love,jordan love,QB,00-0036264,LoveJo03,2020.0,2024
89,Jordan Addison,jordan addison,jordan addison,WR,00-0038994,AddiJo00,2023.0,2024
90,Curtis Samuel,curtis samuel,curtis samuel,WR,00-0033282,SamuCu00,2017.0,2024
91,Jake Ferguson,jake ferguson,jake ferguson,TE,00-0038041,FergJa00,2022.0,2024
92,Jonathon Brooks,jonathon brooks,jonathon brooks,RB,00-0039344,BrooJo02,2024.0,2024
93,Zack Moss,zack moss,zack moss,RB,00-0036251,MossZa00,2020.0,2024
94,Jaxon Smith-Njigba,jaxon smith-njigba,jaxon smith-njigba,WR,00-0038543,SmitJa06,2023.0,2024
95,Jaylen Warren,jaylen warren,jaylen warren,RB,00-0037228,WarrJa01,2022.0,2024
96,Najee Harris,najee harris,najee harris,RB,00-0036893,HarrNa00,2021.0,2024
97,Tony Pollard,tony pollard,tony pollard,RB,00-0035261,PollTo00,2019.0,2024
98,Brock Bowers,brock bowers,brock bowers,TE,00-0039338,BoweBr01,2024.0,2024
99,Brock Purdy,brock purdy,brock purdy,QB,00-0037834,PurdBr00,2022.0,2024
100,Devin Singletary,devin singletary,devin singletary,RB,00-0035250,SingDe00,2019.0,2024
101,Caleb Williams,caleb williams,caleb williams,QB,00-0039918,WillCa03,2024.0,2024
102,David Njoku,david njoku,david njoku,TE,00-0033885,NjokDa00,2017.0,2024
103,Raheem Mostert,raheem mostert,raheem mostert,RB,00-0031687,MostRa00,2015.0,2024
104,Trey Benson,trey benson,trey benson,RB,00-0039921,BensTr01,2024.0,2024
105,Tua Tagovailoa,tua tagovailoa,tua tagovailoa,QB,00-0036212,TagoTu00,2020.0,2024
106,Javonte Williams,javonte williams,javonte williams,RB,00-0036997,WillJa10,2021.0,2024
107,Khalil Shakir,khalil shakir,khalil shakir,WR,00-0037261,ShakKh00,2022.0,2024
108,Adonai Mitchell,adonai mitchell,adonai mitchell,WR,00-0039890,MitcAd00,2024.0,2024
109,Romeo Doubs,romeo doubs,romeo doubs,WR,00-0037816,DoubRo00,2022.0,2024
110,Chase Brown,chase brown,chase brown,RB,00-0038597,BrowCh10,2023.0,2024
111,Courtland Sutton,courtland sutton,courtland sutton,WR,00-0034348,SuttCo00,2018.0,2024
112,Brian Robinson Jr.,brian robinson,brian robinson,RB,00-0037746,RobiBr01,2022.0,2024
113,Tyler Lockett,tyler lockett,tyler lockett,WR,00-0032211,LockTy00,2015.0,2024
114,Jared Goff,jared goff,jared goff,QB,00-0033106,GoffJa00,2016.0,2024
115,Jayden Daniels,jayden daniels,jayden daniels,QB,00-0039910,DaniJa02,2024.0,2024
116,Trevor Lawrence,trevor lawrence,trevor lawrence,QB,00-0036971,LawrTr00,2021.0,2024
117,T.J. Hockenson,tj hockenson,tj hockenson,TE,00-0035229,HockTJ00,2019.0,2024
118,Tyjae Spears,tyjae spears,tyjae spears,RB,00-0039032,SpeaTy00,2023.0,2024
119,Mike Williams,mike williams,mike williams,WR,00-0033536,WillMi07,2017.0,2024
122,Jakobi Meyers,jakobi meyers,jakobi meyers,WR,00-0034960,MeyeJa01,2019.0,2024
123,Nick Chubb,nick chubb,nick chubb,RB,00-0034791,ChubNi00,2018.0,2024
124,Rashid Shaheed,rashid shaheed,rashid shaheed,WR,00-0037545,ShahRa00,2022.0,2024
125,Brandin Cooks,brandin cooks,brandin cooks,WR,00-0031236,CookBr00,2014.0,2024
126,Dalton Schultz,dalton schultz,dalton schultz,TE,00-0034383,SchuDa00,2018.0,2024
127,Cole Kmet,cole kmet,cole kmet,TE,00-0036290,KmetCo00,2020.0,2024
128,Josh Downs,josh downs,josh downs,WR,00-0038997,DownJo00,2023.0,2024
129,Joshua Palmer,josh palmer,josh palmer,WR,00-0036988,PalmJo00,2021.0,2024
130,Austin Ekeler,austin ekeler,austin ekeler,RB,00-0033699,EkelAu00,2017.0,2024
131,Justin Herbert,justin herbert,justin herbert,QB,00-0036355,HerbJu00,2020.0,2024
132,Dallas Goedert,dallas goedert,dallas goedert,TE,00-0034351,GoedDa00,2018.0,2024
133,Kirk Cousins,kirk cousins,kirk cousins,QB,00-0029604,CousKi00,2012.0,2024
134,Pat Freiermuth,pat freiermuth,pat freiermuth,TE,00-0036894,FreiPa00,2021.0,2024
135,Gus Edwards,gus edwards,gus edwards,RB,00-0034184,EdwaGu00,2018.0,2024
136,Blake Corum,blake corum,blake corum,RB,00-0039738,CoruBl00,2024.0,2024
137,Ricky Pearsall,ricky pearsall,ricky pearsall,WR,00-0039916,PearRi00,2024.0,2024
138,Ezekiel Elliott,ezekiel elliott,ezekiel elliott,RB,00-0033045,ElliEz00,2016.0,2024
139,Jerome Ford,jerome ford,jerome ford,RB,00-0037267,FordJe00,2022.0,2024
140,Quentin Johnston,quentin johnston,quentin johnston,WR,00-0038544,JohnQu02,2023.0,2024
141,Jahan Dotson,jahan dotson,jahan dotson,WR,00-0037741,DotsJa00,2022.0,2024
142,Gabe Davis,gabriel davis,gabriel davis,WR,00-0036196,DaviGa01,2020.0,2024
143,Kendre Miller,kendre miller,kendre miller,RB,00-0038551,MillKe01,2023.0,2024
144,Zach Charbonnet,zach charbonnet,zach charbonnet,RB,00-0039165,CharZa00,2023.0,2024
145,Dontayvion Wicks,dontayvion wicks,dontayvion wicks,WR,00-0038393,WickDo00,2023.0,2024
146,Xavier Legette,xavier legette,xavier legette,WR,00-0039342,LegeXa00,2024.0,2024
147,Jerry Jeudy,jerry jeudy,jerry jeudy,WR,00-0036407,JeudJe00,2020.0,2024
148,Ja'Lynn Polk,jalynn polk,jalynn polk,WR,00-0039907,PolkJa00,2024.0,2024
149,MarShawn Lloyd,marshawn lloyd,marshawn lloyd,RB,00-0039811,LloyMa00,2024.0,2024
150,Rico Dowdle,rico dowdle,rico dowdle,RB,00-0036139,DowdRi01,2020.0,2024
151,Jaylen Wright,jaylen wright,jaylen wright,RB,00-0039874,WrigJa04,2024.0,2024
152,Ray Davis,ray davis,ray davis,RB,00-0039875,DaviRa04,2024.0,2024
153,Darnell Mooney,darnell mooney,darnell mooney,WR,00-0036309,MoonDa00,2020.0,2024
154,Ben Sinnott,ben sinnott,ben sinnott,TE,00-0039912,SinnBe00,2024.0,2024
155,Adam Thielen,adam thielen,adam thielen,WR,00-0030035,ThieAd00,2014.0,2024
156,Ty Chandler,ty chandler,ty chandler,RB,00-0037276,ChanTy01,2022.0,2024
157,Jermaine Burton,jermaine burton,jermaine burton,WR,00-0039810,BurtJe01,2024.0,2024
158,Baker Mayfield,baker mayfield,baker mayfield,QB,00-0034855,MayfBa00,2018.0,2024
159,Aaron Rodgers,aaron rodgers,aaron rodgers,QB,00-0023459,RodgAa00,2005.0,2024
160,Malachi Corley,malachi corley,malachi corley,WR,00-0039920,CorlMa00,2024.0,2024
161,Cade Otton,cade otton,cade otton,TE,00-0038129,OttoCa00,2022.0,2024
162,Luke Musgrave,luke musgrave,luke musgrave,TE,00-0039144,MusgLu00,2023.0,2024
163,Matthew Stafford,matthew stafford,matthew stafford,QB,00-0026498,StafMa00,2009.0,2024
164,Roman Wilson,roman wilson,roman wilson,WR,00-0039739,WilsRo02,2024.0,2024
165,Antonio Gibson,antonio gibson,antonio gibson,RB,00-0036328,GibsAn00,2020.0,2024
166,Tyler Allgeier,tyler allgeier,tyler allgeier,RB,00-0037263,AllgTy00,2022.0,2024
167,Marvin Mims Jr.,marvin mims,marvin mims,WR,00-0038976,MimsMa00,2023.0,2024
168,Kimani Vidal,kimani vidal,kimani vidal,RB,00-0039391,VidaKi00,2024.0,2024
169,J.K. Dobbins,jk dobbins,jk dobbins,RB,00-0036158,DobbJK00,2020.0,2024
170,Hunter Henry,hunter henry,hunter henry,TE,00-0033090,HenrHu00,2016.0,2024
171,Juwan Johnson,juwan johnson,juwan johnson,TE,00-0036040,JohnJu02,2020.0,2024
172,Tyler Conklin,tyler conklin,tyler conklin,TE,00-0034270,ConkTy00,2018.0,2024
173,Chuba Hubbard,chuba hubbard,chuba hubbard,RB,00-0036555,HubbCh01,2021.0,2024
174,Geno Smith,geno smith,geno smith,QB,00-0030565,SmitGe00,2013.0,2024
175,Jaleel McLaughlin,jaleel mclaughlin,jaleel mclaughlin,RB,00-0038794,McLaJa00,2023.0,2024
176,Tyrone Tracy,tyrone tracy,tyrone tracy,RB,00-0039384,TracTy00,2024.0,2024
177,Will Levis,will levis,will levis,QB,00-0039152,LeviWi00,2023.0,2024
178,Troy Franklin,troy franklin,troy franklin,WR,00-0039868,FranTr00,2024.0,2024
179,Zay Jones,zay jones,zay jones,WR,00-0033891,JoneZa00,2017.0,2024
180,Bucky Irving,bucky irving,bucky irving,RB,00-0039361,IrviBu00,2024.0,2024
181,Khalil Herbert,khalil herbert,khalil herbert,RB,00-0036906,HerbKh00,2021.0,2024
182,Wan'Dale Robinson,wandale robinson,wandale robinson,WR,00-0038117,RobiWa01,2022.0,2024
183,Isaiah Likely,isaiah likely,isaiah likely,TE,00-0037838,LikeIs00,2022.0,2024
184,Daniel Jones,daniel jones,daniel jones,QB,00-0035710,JoneDa05,2019.0,2024
185,Rashod Bateman,rashod bateman,rashod bateman,WR,00-0036550,BateRa00,2021.0,2024
186,Demarcus Robinson,demarcus robinson,demarcus robinson,WR,00-0032775,RobiDe01,2016.0,2024
187,Elijah Mitchell,elijah mitchell,elijah mitchell,RB,00-0036567,MitcEl00,2021.0,2024
188,Odell Beckham Jr.,odell beckham,odell beckham,WR,00-0031235,BeckOd00,2014.0,2024
189,Luke McCaffrey,luke mccaffrey,luke mccaffrey,WR,00-0039355,McCaLu00,2024.0,2024
190,Chig Okonkwo,chigoziem okonkwo,chigoziem okonkwo,TE,00-0037809,OkonCh00,2022.0,2024
191,J.J. McCarthy,jj mccarthy,jj mccarthy,QB,00-0039923,McCaJJ00,2024.0,2024
192,Roschon Johnson,roschon johnson,roschon johnson,RB,00-0039021,JohnRo07,2023.0,2024
193,Devontez Walker,devontez walker,devontez walker,WR,00-0039792,WalkDe01,2024.0,2024
194,Michael Wilson,michael wilson,michael wilson,WR,00-0038559,WilsMi02,2023.0,2024
195,Deshaun Watson,deshaun watson,deshaun watson,QB,00-0033537,WatsDe00,2017.0,2024
196,Javon Baker,javon baker,javon baker,WR,00-0039853,BakeJa00,2024.0,2024
197,Dameon Pierce,dameon pierce,dameon pierce,RB,00-0037258,PierDa01,2022.0,2024
198,Noah Fant,noah fant,noah fant,TE,00-0035644,FantNo00,2019.0,2024
199,D'Onta Foreman,donta foreman,donta foreman,RB,00-0033925,ForeDO00,2017.0,2024
200,DeMario Douglas,demario douglas,demario douglas,WR,00-0038621,DougDe00,2023.0,2024
201,Tyler Boyd,tyler boyd,tyler boyd,WR,00-0033009,BoydTy00,2016.0,2024
202,Bryce Young,bryce young,bryce young,QB,00-0039150,YounBr01,2023.0,2024
203,DJ Chark Jr.,dj chark,dj chark,WR,00-0034777,CharDJ00,2018.0,2024
204,Jalen Tolbert,jalen tolbert,jalen tolbert,WR,00-0037666,TolbJa00,2022.0,2024
205,Tucker Kraft,tucker kraft,tucker kraft,TE,00-0038996,KrafTu00,2023.0,2024
206,Justin Fields,justin fields,justin fields,QB,00-0036945,FielJu00,2021.0,2024
207,Jonnu Smith,jonnu smith,jonnu smith,TE,00-0033858,SmitJo01,2017.0,2024
208,Greg Dulcich,greg dulcich,greg dulcich,TE,00-0037252,DulcGr00,2022.0,2024
209,Clyde Edwards-Helaire,clyde edwards-helaire,clyde edwards-helaire,RB,00-0036360,EdwaCl00,2020.0,2024
210,JuJu Smith-Schuster,juju smith-schuster,juju smith-schuster,WR,00-0033857,SmitJu00,2017.0,2024
211,Marquez Valdes-Scantling,marquez valdes-scantling,marquez valdes-scantling,WR,00-0034272,ValdMa00,2018.0,2024
212,Russell Wilson,russell wilson,russell wilson,QB,00-0029263,WilsRu00,2012.0,2024
213,Ja'Tavion Sanders,jatavion sanders,jatavion sanders,TE,00-0039356,SandJa01,2024.0,2024
214,Jalen McMillan,jalen mcmillan,jalen mcmillan,WR,00-0039855,McMiJa01,2024.0,2024
215,Evan Hull,evan hull,evan hull,RB,00-0038397,HullEv00,2023.0,2024
216,Rasheen Ali,rasheen ali,rasheen ali,RB,00-0039796,AlixRa00,2024.0,2024
217,Keaton Mitchell,keaton mitchell,keaton mitchell,RB,00-0038454,MitcKe01,2023.0,2024
218,Dawson Knox,dawson knox,dawson knox,TE,00-0035689,KnoxDa00,2019.0,2024
219,Bo Nix,bo nix,bo nix,QB,00-0039732,NixxBo00,2024.0,2024
220,Sam Darnold,sam darnold,sam darnold,QB,00-0034869,DarnSa00,2018.0,2024
221,Braelon Allen,braelon allen,braelon allen,RB,00-0039794,AlleBr05,2024.0,2024
222,Greg Dortch,greg dortch,greg dortch,WR,00-0035500,DortGr01,2019.0,2024
223,Andrei Iosivas,andrei iosivas,andrei iosivas,WR,00-0038619,IosiAn00,2023.0,2024
224,Justice Hill,justice hill,justice hill,RB,00-0034975,HillJu00,2019.0,2024
225,Tim Patrick,tim patrick,tim patrick,WR,00-0033375,PatrTi00,2017.0,2024
226,Audric Estime,audric estime,audric estime,RB,00-0039373,EstiAu00,2024.0,2024
227,Tank Bigsby,tank bigsby,tank bigsby,RB,00-0038555,BigsTa00,2023.0,2024
228,Jordan Whittington,jordan whittington,jordan whittington,WR,00-0039751,WhitJo04,2024.0,2024
229,Jalen Nailor,jalen nailor,jalen nailor,WR,00-0037291,NailJa00,2022.0,2024
230,Theo Johnson,theo johnson,theo johnson,TE,00-0039847,JohnTh00,2024.0,2024
231,Jordan Mason,jordan mason,jordan mason,RB,00-0037525,MasoJo00,2022.0,2024
232,Tre Tucker,tre tucker,tre tucker,WR,00-0038563,TuckTr00,2023.0,2024
233,Eric Gray,eric gray,eric gray,RB,00-0038396,GrayEr01,2023.0,2024
234,Ray-Ray McCloud III,ray-ray mccloud,ray-ray mccloud,WR,00-0034407,McClRa00,2018.0,2024
235,Will Shipley,will shipley,will shipley,RB,00-0039746,ShipWi00,2024.0,2024
236,Parker Washington,parker washington,parker washington,WR,00-0038606,WashPa01,2023.0,2024
237,Drake Maye,drake maye,drake maye,QB,00-0039851,MayeDr00,2024.0,2024
238,Brenden Rice,brenden rice,brenden rice,WR,00-0039415,RiceBr00,2024.0,2024
239,Mike Gesicki,mike gesicki,mike gesicki,TE,00-0034829,GesiMi00,2018.0,2024
240,Calvin Austin III,calvin austin,calvin austin,WR,00-0037837,AustCa00,2022.0,2024
241,Colby Parkinson,colby parkinson,colby parkinson,TE,00-0036244,ParkCo02,2020.0,2024
242,Dyami Brown,dyami brown,dyami brown,WR,00-0036626,BrowDy00,2021.0,2024
243,Malik Washington,malik washington,malik washington,WR,00-0039880,WashMa00,2024.0,2024
244,Darius Slayton,darius slayton,darius slayton,WR,00-0035535,SlayDa01,2019.0,2024
245,Alexander Mattison,alexander mattison,alexander mattison,RB,00-0034972,MattAl01,2019.0,2024
246,Zach Ertz,zach ertz,zach ertz,TE,00-0030061,ErtzZa00,2013.0,2024
247,Kylen Granson,kylen granson,kylen granson,TE,00-0036876,GranKy00,2021.0,2024
248,Derek Carr,derek carr,derek carr,QB,00-0031280,CarrDe02,2014.0,2024
249,Bo Melton,bo melton,bo melton,WR,00-0037091,MeltBo00,2022.0,2024
250,Alec Pierce,alec pierce,alec pierce,WR,00-0037664,PierAl00,2022.0,2024
251,Michael Mayer,michael mayer,michael mayer,TE,00-0039066,MayeMi00,2023.0,2024
252,Chase Claypool,chase claypool,chase claypool,WR,00-0036326,ClayCh01,2020.0,2024
253,Jelani Woods,jelani woods,jelani woods,TE,00-0037755,WoodJe01,2022.0,2024
254,Rondale Moore,rondale moore,rondale moore,WR,00-0036936,MoorRo02,2021.0,2024
255,Jauan Jennings,jauan jennings,jauan jennings,WR,00-0036259,JennJa00,2020.0,2024
256,Deneric Prince,deneric prince,deneric prince,RB,00-0038518,,2023.0,2024
257,Treylon Burks,treylon burks,treylon burks,WR,00-0037742,BurkTr00,2022.0,2024
258,Isaac Guerendo,isaac guerendo,isaac guerendo,RB,00-0039363,GuerIs00,2024.0,2024
259,Elijah Moore,elijah moore,elijah moore,WR,00-0036980,MoorEl00,2021.0,2024
260,Jacob Cowing,jacob cowing,jacob cowing,WR,00-0039365,CowiJa00,2024.0,2024
261,Dylan Laube,dylan laube,dylan laube,RB,00-0039407,LaubDy00,2024.0,2024
262,Gardner Minshew II,gardner minshew,gardner minshew,QB,00-0035289,MinsGa00,2019.0,2024
263,Jalin Hyatt,jalin hyatt,jalin hyatt,WR,00-0038938,HyatJa00,2023.0,2024
264,Tanner McLachlan,tanner mclachlan,tanner mclachlan,TE,00-0039399,McLaTa00,2024.0,2024
265,AJ Dillon,aj dillon,aj dillon,RB,00-0036265,DillAJ00,2020.0,2024
266,Johnny Wilson,johnny wilson,johnny wilson,WR,00-0039236,WilsJo03,2024.0,2024
267,Dalvin Cook,dalvin cook,dalvin cook,RB,00-0033893,CookDa01,2017.0,2024
268,Samaje Perine,samaje perine,samaje perine,RB,00-0033526,PeriSa00,2017.0,2024
269,Kalif Raymond,kalif raymond,kalif raymond,WR,00-0032464,RaymKa00,2016.0,2024
270,Noah Brown,noah brown,noah brown,WR,00-0033591,BrowNo00,2017.0,2024
271,Taysom Hill,taysom hill,taysom hill,QB,00-0033357,HillTa00,2017.0,2024
272,Josh Reynolds,josh reynolds,josh reynolds,WR,00-0033943,ReynJo00,2017.0,2024
273,Sione Vaki,sione vaki,sione vaki,RB,00-0039364,VakiSi00,2024.0,2024
274,Michael Carter,michael carter,michael carter,RB,00-0036924,CartMi03,2021.0,2024
275,Justin Watson,justin watson,justin watson,WR,00-0034386,WatsJu01,2018.0,2024
276,Jake Bobo,jake bobo,jake bobo,WR,00-0038752,BoboJa00,2023.0,2024
277,Parris Campbell,parris campbell,parris campbell,WR,00-0035639,CampPa00,2019.0,2024
278,Tyler Scott,tyler scott,tyler scott,WR,00-0038941,ScotTy00,2023.0,2024
279,Allen Lazard,allen lazard,allen lazard,WR,00-0034521,LazaAl00,2018.0,2024
280,Mack Hollins,mack hollins,mack hollins,WR,00-0033555,HollMa00,2017.0,2024
281,Cam Akers,cam akers,cam akers,RB,00-0036414,AkerCa00,2020.0,2024
282,Hayden Hurst,hayden hurst,hayden hurst,TE,00-0034830,HursHa00,2018.0,2024
283,Trey Sermon,trey sermon,trey sermon,RB,00-0036984,SermTr00,2021.0,2024
284,K.J. Osborn,kj osborn,kj osborn,WR,00-0036345,OsboKJ00,2020.0,2024
285,Will Dissly,will dissly,will dissly,TE,00-0034159,DissWi00,2018.0,2024
286,Olamide Zaccheaus,olamide zaccheaus,olamide zaccheaus,WR,00-0035208,ZaccOl01,2019.0,2024
287,Carson Steele,carson steele,carson steele,RB,00-0039325,,2024.0,2024
288,Xavier Gipson,xavier gipson,xavier gipson,WR,00-0038496,GipsXa00,2023.0,2024
289,Jonathan Mingo,jonathan mingo,jonathan mingo,WR,00-0039062,MingJo00,2023.0,2024
290,Kendrick Bourne,kendrick bourne,kendrick bourne,WR,00-0033307,BourKe00,2017.0,2024
291,A.T. Perry,at perry,at perry,WR,00-0038612,PerrAT00,2023.0,2024
292,Irv Smith Jr.,irv smith,irv smith,TE,00-0034970,SmitIr01,2019.0,2024
294,Kenneth Gainwell,kenneth gainwell,kenneth gainwell,RB,00-0036919,GainKe00,2021.0,2024
295,Kene Nwangwu,kene nwangwu,kene nwangwu,RB,00-0036842,NwanKe00,2021.0,2024
296,Daniel Bellinger,daniel bellinger,daniel bellinger,TE,00-0038115,BellDa00,2022.0,2024
297,Jared Wiley,jared wiley,jared wiley,TE,00-0039824,WileJa00,2024.0,2024
298,Cedric Tillman,cedric tillman,cedric tillman,WR,00-0038979,TillCe01,2023.0,2024
299,Kadarius Toney,kadarius toney,kadarius toney,WR,00-0036913,ToneKa00,2021.0,2024
300,Trey Palmer,trey palmer,trey palmer,WR,00-0039052,PalmTr00,2023.0,2024
301,Aidan O'Connell,aidan oconnell,aidan oconnell,QB,00-0038579,OConAi00,2023.0,2024
302,Gerald Everett,gerald everett,gerald everett,TE,00-0033895,EverGe00,2017.0,2024
303,Julius Chestnut,julius chestnut,julius chestnut,RB,00-0037594,ChesJu00,2022.0,2024
304,Tommy Tremble,tommy tremble,tommy tremble,TE,00-0037005,TremTo00,2021.0,2024
305,Michael Penix,michael penix,michael penix,QB,00-0039917,PeniMi00,2024.0,2024
306,Donald Parham Jr.,donald parham,donald parham,TE,00-0035329,ParhDo00,2019.0,2024
307,Jamaal Williams,jamaal williams,jamaal williams,RB,00-0033948,WillJa06,2017.0,2024
308,Davis Allen,davis allen,davis allen,TE,00-0039074,AlleDa02,2023.0,2024
309,Van Jefferson,van jefferson,van jefferson,WR,00-0036415,JeffVa00,2020.0,2024
310,Drew Sample,drew sample,drew sample,TE,00-0035631,SampDr00,2019.0,2024
311,Tyquan Thornton,tyquan thornton,tyquan thornton,WR,00-0038104,ThorTy00,2022.0,2024
312,Jalen Brooks,jalen brooks,jalen brooks,WR,00-0038640,BrooJa03,2023.0,2024
313,Luke Schoonmaker,luke schoonmaker,luke schoonmaker,TE,00-0038547,SchoLu00,2023.0,2024
314,Mason Tipton,mason tipton,mason tipton,WR,00-0039623,,2024.0,2024
315,Casey Washington,casey washington,casey washington,WR,00-0039394,WashCa01,2024.0,2024
316,Cody Schrader,cody schrader,cody schrader,RB,00-0039703,,2024.0,2024
317,Brevin Jordan,brevin jordan,brevin jordan,TE,00-0036556,JordBr00,2021.0,2024
318,Miles Sanders,miles sanders,miles sanders,RB,00-0035243,SandMi01,2019.0,2024
319,Royce Freeman,royce freeman,royce freeman,RB,00-0034838,FreeRo00,2018.0,2024
320,Drew Lock,drew lock,drew lock,QB,00-0035704,LockDr00,2019.0,2024
321,Noah Gray,noah gray,noah gray,TE,00-0036637,GrayNo00,2021.0,2024
322,Lucas Krull,lucas krull,lucas krull,TE,00-0037539,KrulLu00,2022.0,2024
323,Erick All,erick all,erick all,TE,00-0039814,AllxEr00,2024.0,2024
324,Kenny McIntosh,kenny mcintosh,kenny mcintosh,RB,00-0038636,McInKe00,2023.0,2024
325,John Metchie III,john metchie,john metchie,WR,00-0037614,MetcJo00,2022.0,2024
326,Foster Moreau,foster moreau,foster moreau,TE,00-0034981,MoreFo00,2019.0,2024
327,Jameis Winston,jameis winston,jameis winston,QB,00-0031503,WinsJa00,2015.0,2024
328,Sam Howell,sam howell,sam howell,QB,00-0037077,HoweSa00,2022.0,2024
329,Taylor Heinicke,taylor heinicke,taylor heinicke,QB,00-0031800,HeinTa00,2015.0,2024
330,Darren Waller,darren waller,darren waller,TE,00-0031610,WallDa01,2015.0,2024
331,Trey Lance,trey lance,trey lance,QB,00-0037012,LancTr00,2021.0,2024
332,Cade Stover,cade stover,cade stover,TE,00-0039359,StovCa00,2024.0,2024
333,Devaughn Vele,devaughn vele,devaughn vele,WR,00-0039424,VeleDe00,2024.0,2024
334,Tyler Higbee,tyler higbee,tyler higbee,TE,00-0033110,HigbTy00,2016.0,2024
335,Justyn Ross,justyn ross,justyn ross,WR,00-0037216,RossJu00,2022.0,2024
336,Josh Whyle,josh whyle,josh whyle,TE,00-0038589,WhylJo01,2023.0,2024
337,Skyy Moore,skyy moore,skyy moore,WR,00-0038090,MoorSk01,2022.0,2024
338,Emanuel Wilson,emanuel wilson,emanuel wilson,RB,00-0038797,WilsEm00,2023.0,2024
339,Isaiah Davis,isaiah davis,isaiah davis,RB,00-0039798,DaviIs00,2024.0,2024
340,Ryan Flournoy,ryan flournoy,ryan flournoy,WR,00-0039410,FlouRy00,2024.0,2024
341,Jerick McKinnon,jerick mckinnon,jerick mckinnon,RB,00-0031376,McKiJe00,2014.0,2024
342,Frank Gore,frank gore,frank gore,RB,00-0039471,,2024.0,2024
344,Michael Thomas,michael thomas,michael thomas,WR,00-0032765,ThomMi05,2016.0,2024
345,Deuce Vaughn,deuce vaughn,deuce vaughn,RB,00-0038622,VaugDe00,2023.0,2024
346,Jeremy Ruckert,jeremy ruckert,jeremy ruckert,TE,00-0037805,RuckJe00,2022.0,2024
347,Jason Brownlee,jason brownlee,jason brownlee,WR,00-0038492,BrowJa07,2023.0,2024
348,Cordarrelle Patterson,cordarrelle patterson,cordarrelle patterson,RB,00-0030578,PattCo00,2013.0,2024
349,Ainias Smith,ainias smith,ainias smith,WR,00-0039747,SmitAi00,2024.0,2024
350,Nelson Agholor,nelson agholor,nelson agholor,WR,00-0031549,AghoNe00,2015.0,2024
351,Cedrick Wilson,cedrick wilson,cedrick wilson,WR,00-0034418,WilsCe01,2018.0,2024
353,Jawhar Jordan,jawhar jordan,jawhar jordan,RB,00-0039405,JordJa00,2024.0,2024
354,Robert Tonyan,robert tonyan,robert tonyan,TE,00-0033757,TonyRo00,2017.0,2024
355,Mecole Hardman Jr.,mecole hardman,mecole hardman,WR,00-0035140,HardMe00,2019.0,2024
356,Trenton Irwin,trenton irwin,trenton irwin,WR,00-0035341,IrwiTr00,2019.0,2024
357,Joe Flacco,joe flacco,joe flacco,QB,00-0026158,FlacJo00,2008.0,2024
358,Michael Gallup,michael gallup,michael gallup,WR,00-0034764,GallMi00,2018.0,2024
359,Brandon Powell,brandon powell,brandon powell,WR,00-0034646,PoweBr00,2018.0,2024
360,Kenny Pickett,kenny pickett,kenny pickett,QB,00-0038102,PickKe00,2022.0,2024
361,Mo Alie-Cox,mo alie-cox,mo alie-cox,TE,00-0033217,AlieMo00,2017.0,2024
362,KaVontae Turpin,kavontae turpin,kavontae turpin,WR,00-0037801,,2022.0,2024
363,Derius Davis,derius davis,derius davis,WR,00-0038573,DaviDe02,2023.0,2024
364,Taulia Tagovailoa,taulia tagovailoa,,,,,,2024
365,Velus Jones Jr.,velus jones,velus jones,WR,00-0037745,JoneVe00,2022.0,2024
366,Blake Watson,blake watson,blake watson,RB,00-0039573,,2024.0,2024
367,Tutu Atwell,tutu atwell,tutu atwell,WR,00-0036849,AtweTu00,2021.0,2024
368,Cornelius Johnson,cornelius johnson,cornelius johnson,WR,00-0039437,JohnCo02,2024.0,2024
369,Adam Trautman,adam trautman,adam trautman,TE,00-0036422,TrauAd00,2020.0,2024
370,Keilan Robinson,keilan robinson,keilan robinson,RB,00-0039385,RobiKe03,2024.0,2024
371,Xavier Weaver,xavier weaver,xavier weaver,WR,00-0039521,,2024.0,2024
372,Braxton Berrios,braxton berrios,braxton berrios,WR,00-0034419,BerrBr00,2018.0,2024
373,Jamari Thrash,jamari thrash,jamari thrash,WR,00-0039379,ThraJa01,2024.0,2024
374,Sean Tucker,sean tucker,sean tucker,RB,00-0038951,TuckSe00,2023.0,2024
375,Hunter Renfrow,hunter renfrow,hunter renfrow,WR,00-0034983,RenfHu00,2019.0,2024
376,Charlie Jones,charlie jones,charlie jones,WR,00-0038576,JoneCh11,2023.0,2024
378,Dallin Holker,dallin holker,dallin holker,TE,00-0039613,,2024.0,2024
379,Antoine Green,antoine green,antoine green,WR,00-0038627,GreeAn00,2023.0,2024
380,Darnell Washington,darnell washington,darnell washington,TE,00-0038558,WashDa03,2023.0,2024
381,Donovan Peoples-Jones,donovan peoples-jones,donovan peoples-jones,WR,00-0036233,PeopDo00,2020.0,2024
382,Emari Demercado,emari demercado,emari demercado,RB,00-0038705,DemeEm00,2023.0,2024
383,N'Keal Harry,nkeal harry,nkeal harry,TE,00-0035624,HarrNK00,2019.0,2024
384,Jacoby Brissett,jacoby brissett,jacoby brissett,QB,00-0033119,BrisJa00,2016.0,2024
385,Spencer Rattler,spencer rattler,spencer rattler,QB,00-0039376,RattSp00,2024.0,2024
386,John Ross,john ross,john ross,WR,00-0033460,RossJo00,2017.0,2024
387,Johnny Mundt,johnny mundt,johnny mundt,TE,00-0033246,MundJo00,2017.0,2024
388,Jalen Coker,jalen coker,jalen coker,WR,00-0039491,,2024.0,2024
389,Bub Means,bub means,bub means,WR,00-0039386,MeanBu00,2024.0,2024
390,Tyrod Taylor,tyrod taylor,tyrod taylor,QB,00-0028118,TaylTy00,2011.0,2024
391,Pierre Strong Jr.,pierre strong,pierre strong,RB,00-0038098,StroPi00,2022.0,2024
392,Chris Rodriguez,chris rodriguez,chris rodriguez,RB,00-0038611,RodrCh00,2023.0,2024
393,Ty Johnson,ty johnson,ty johnson,RB,00-0035537,JohnTy02,2019.0,2024
394,D'Ernest Johnson,dernest johnson,dernest johnson,RB,00-0035628,JohnDE04,2019.0,2024
395,Nick Westbrook-Ikhine,nick westbrook-ikhine,nick westbrook-ikhine,WR,00-0036182,WestNi00,2020.0,2024
396,DeVante Parker,devante parker,devante parker,WR,00-0031547,ParkDe01,2015.0,2024
397,Quez Watkins,quez watkins,quez watkins,WR,00-0036271,WatkQu00,2020.0,2024
398,Xavier Hutchinson,xavier hutchinson,xavier hutchinson,WR,00-0038618,HutcXa00,2023.0,2024
399,Chase Edmonds,chase edmonds,chase edmonds,RB,00-0034681,EdmoCh00,2018.0,2024
400,Tanner Hudson,tanner hudson,tanner hudson,TE,00-0034613,,2018.0,2024
401,Jeff Wilson Jr.,jeff wilson,jeff wilson,RB,00-0034115,WilsJe01,2018.0,2024
402,Josh Oliver,josh oliver,josh oliver,TE,00-0035249,OlivJo00,2019.0,2024
403,Peyton Hendershot,peyton hendershot,peyton hendershot,TE,00-0037569,HendPe01,2022.0,2024
404,Trestan Ebner,trestan ebner,trestan ebner,RB,00-0037087,EbneTr00,2022.0,2024
405,Keaontay Ingram,keaontay ingram,keaontay ingram,RB,00-0037299,IngrKe01,2022.0,2024
406,Israel Abanikanda,israel abanikanda,israel abanikanda,RB,00-0038389,AbanIs00,2023.0,2024
407,Nyheim Hines,nyheim hines,nyheim hines,RB,00-0034367,HineNy00,2018.0,2024
408,Tyler Goodson,tyler goodson,tyler goodson,RB,00-0037120,,2022.0,2024
409,Brian Robinson,brian robinson,brian robinson,RB,00-0037746,RobiBr01,2022.0,2024
410,Nikko Remigio,nikko remigio,nikko remigio,WR,00-0038519,,2023.0,2024
411,Kareem Hunt,kareem hunt,kareem hunt,RB,00-0033923,HuntKa00,2017.0,2024
412,Jordan Mims,jordan mims,jordan mims,RB,00-0038678,MimsJo00,2023.0,2024
413,Tip Reiman,tip reiman,tip reiman,TE,00-0039737,ReimTi00,2024.0,2024
414,Jimmy Garoppolo,jimmy garoppolo,jimmy garoppolo,QB,00-0031345,GaroJi00,2014.0,2024
415,Tejhaun Palmer,tejhaun palmer,tejhaun palmer,WR,00-0039397,PalmTe00,2024.0,2024
416,Elijah Higgins,elijah higgins,elijah higgins,TE,00-0039041,HiggEl00,2023.0,2024
417,Brock Wright,brock wright,brock wright,TE,00-0036754,WrigBr01,2021.0,2024
418,C.J. Uzomah,cj uzomah,cj uzomah,TE,00-0032134,UzomC.00,2015.0,2024
419,Leonard Fournette,leonard fournette,leonard fournette,RB,00-0033856,FourLe00,2017.0,2024
420,Jaheim Bell,jaheim bell,jaheim bell,TE,00-0039420,BellJa00,2024.0,2024
421,Logan Thomas,logan thomas,logan thomas,TE,00-0031260,ThomLo00,2014.0,2024
422,Mac Jones,mac jones,mac jones,QB,00-0036972,JoneMa05,2021.0,2024
423,Trent Sherfield,trent sherfield,trent sherfield,WR,00-0034487,SherTr00,2018.0,2024
424,Jaret Patterson,jaret patterson,jaret patterson,RB,00-0036755,PattJa01,2021.0,2024
425,Isaiah Williams,isaiah williams,isaiah williams,WR,00-0039451,,2024.0,2024
426,Jake Browning,jake browning,jake browning,QB,00-0035100,,2019.0,2024
427,Emani Bailey,emani bailey,emani bailey,RB,00-0039311,,2024.0,2024
428,Joe Milton,joe milton,joe milton,QB,00-0039398,MiltJo00,2024.0,2024
429,Isaiah Spiller,isaiah spiller,isaiah spiller,RB,00-0038045,SpilIs00,2022.0,2024
430,Jaren Hall,jaren hall,jaren hall,QB,00-0038598,HallJa00,2023.0,2024
431,Malik Heath,malik heath,malik heath,WR,00-0038465,HeatMa00,2023.0,2024
432,Ronnie Rivers,ronnie rivers,ronnie rivers,RB,00-0037557,RiveRo01,2022.0,2024
433,Devin Culp,devin culp,devin culp,TE,00-0039754,CulpDe00,2024.0,2024
434,Cameron Latu,cameron latu,cameron latu,TE,00-0038564,LatuCa01,2023.0,2024
435,Jalen Reagor,jalen reagor,jalen reagor,WR,00-0036387,ReagJa00,2020.0,2024
436,Craig Reynolds,craig reynolds,craig reynolds,RB,00-0035567,ReynCr00,2019.0,2024
437,Tylan Wallace,tylan wallace,tylan wallace,WR,00-0036630,WallTy00,2021.0,2024
438,Durham Smythe,durham smythe,durham smythe,TE,00-0034798,SmytDu00,2018.0,2024
439,Hakeem Butler,hakeem butler,hakeem butler,WR,00-0035529,ButlHa00,2019.0,2024
440,Mitchell Trubisky,mitchell trubisky,mitchell trubisky,QB,00-0033869,TrubMi00,2017.0,2024
441,Dorian Thompson-Robinson,dorian thompson-robinson,dorian thompson-robinson,QB,00-0038583,ThomDo02,2023.0,2024
442,Raheem Blackshear,raheem blackshear,raheem blackshear,RB,00-0037429,BlacRa00,2022.0,2024
443,Jase McClellan,jase mcclellan,jase mcclellan,RB,00-0039393,McClJa05,2024.0,2024
444,Tre'Quan Smith,trequan smith,trequan smith,WR,00-0034765,SmitTr03,2018.0,2024
445,Jordan Matthews,jordan matthews,jordan matthews,TE,00-0031299,MattJo00,2014.0,2024
446,Nick Mullens,nick mullens,nick mullens,QB,00-0033319,MullNi00,2017.0,2024
447,Tahj Washington,tahj washington,tahj washington,WR,00-0039884,WashTa00,2024.0,2024
448,Cooper Rush,cooper rush,cooper rush,QB,00-0033662,RushCo00,2017.0,2024
449,Demarkcus Bowman,demarkcus bowman,,,,,,2024
450,Mike White,mike white,mike white,QB,00-0034401,WhitMi01,2018.0,2024
451,Rashaad Penny,rashaad penny,rashaad penny,RB,00-0034750,PennRa00,2018.0,2024
452,Terrace Marshall Jr.,terrace marshall,terrace marshall,WR,00-0036955,MarsTe00,2021.0,2024
453,Tyrell Shavers,tyrell shavers,tyrell shavers,WR,00-0038679,,2023.0,2024
454,Samson Nacua,samson nacua,,,,,,2024
455,Quintez Cephus,quintez cephus,quintez cephus,WR,00-0036277,CephQu00,2020.0,2024
456,Erik Ezukanma,erik ezukanma,erik ezukanma,WR,00-0038092,EzukEr00,2022.0,2024
457,Kyle Juszczyk,kyle juszczyk,kyle juszczyk,RB,00-0029892,JuszKy00,2013.0,2024
458,Daurice Fountain,daurice fountain,daurice fountain,WR,00-0034395,FounDa00,2018.0,2024
459,Payne Durham,payne durham,payne durham,TE,00-0039050,DurhPa00,2023.0,2024
460,DeWayne McBride,dewayne mcbride,dewayne mcbride,RB,00-0039046,McBrDe00,2023.0,2024
461,AJ Barner,aj barner,aj barner,TE,00-0039793,BarnAJ00,2024.0,2024
462,Robert Woods,robert woods,robert woods,WR,00-0030431,WoodRo02,2013.0,2024
463,Brenton Strange,brenton strange,brenton strange,TE,00-0038935,StraBr00,2023.0,2024
464,Tanner Mordecai,tanner mordecai,tanner mordecai,QB,00-0039699,,2024.0,2024
465,David Bell,david bell,david bell,WR,00-0037257,BellDa02,2022.0,2024
466,Kayshon Boutte,kayshon boutte,kayshon boutte,WR,00-0038608,BoutKa00,2023.0,2024
467,Dillon Johnson,dillon johnson,dillon johnson,RB,00-0039647,,2024.0,2024
468,Laviska Shenault Jr.,laviska shenault,laviska shenault,WR,00-0036268,ShenLa00,2020.0,2024
469,Zach Evans,zach evans,zach evans,RB,00-0039136,EvanZa00,2023.0,2024
470,Carson Wentz,carson wentz,carson wentz,QB,00-0032950,WentCa00,2016.0,2024
471,Equanimeous St. Brown,equanimeous st brown,equanimeous st brown,WR,00-0034279,St.BEq00,2018.0,2024
472,Chris Evans,chris evans,chris evans,RB,00-0036857,EvanCh02,2021.0,2024
473,Trayveon Williams,trayveon williams,trayveon williams,RB,00-0035291,WillTr06,2019.0,2024
474,Snoop Conner,snoop conner,snoop conner,RB,00-0037265,ConnSn00,2022.0,2024
475,Anthony Gould,anthony gould,anthony gould,WR,00-0039816,GoulAn00,2024.0,2024
476,Hassan Haskins,hassan haskins,hassan haskins,RB,00-0037617,HaskHa00,2022.0,2024
477,Trishton Jackson,trishton jackson,trishton jackson,WR,00-0035934,,2020.0,2024
478,Grant DuBose,grant dubose,grant dubose,WR,,DuboGr00,2023.0,2024
479,Austin Hooper,austin hooper,austin hooper,TE,00-0032392,HoopAu00,2016.0,2024
480,Collin Johnson,collin johnson,collin johnson,WR,00-0036254,JohnCo01,2020.0,2024
481,Zach Wilson,zach wilson,zach wilson,QB,00-0037013,WilsZa00,2021.0,2024
482,Simi Fehoko,simi fehoko,simi fehoko,WR,00-0036646,FehoSi00,2021.0,2024
483,Andrew Luck,andrew luck,andrew luck,QB,00-0029668,LuckAn00,2012.0,2024
484,Chris Moore,chris moore,chris moore,WR,00-0032398,MoorCh00,2016.0,2024
485,Marcus Rosemy-Jacksaint,marcus rosemy-jacksaint,marcus rosemy-jacksaint,WR,00-0039683,,2024.0,2024
486,Jha'Quan Jackson,jhaquan jackson,jhaquan jackson,WR,00-0039392,JackJh00,2024.0,2024
487,KJ Hamler,kj hamler,kj hamler,WR,00-0036412,HamlKJ00,2020.0,2024
488,McCallan Castles,mccallan castles,mccallan castles,TE,00-0039263,,2024.0,2024
489,Jamison Crowder,jamison crowder,jamison crowder,WR,00-0031941,CrowJa00,2015.0,2024
490,Hendon Hooker,hendon hooker,hendon hooker,QB,00-0038550,HookHe00,2023.0,2024
491,Russell Gage,russell gage,russell gage,WR,00-0034411,GageRu00,2018.0,2024
492,Jacob Saylors,jacob saylors,,,,,,2024
493,Devin Duvernay,devin duvernay,devin duvernay,WR,00-0036331,DuveDe00,2020.0,2024
494,Joshua Cephus,joshua cephus,joshua cephus,WR,00-0039552,,2024.0,2024
495,Andy Dalton,andy dalton,andy dalton,QB,00-0027973,DaltAn00,2011.0,2024
496,Joshua Dobbs,joshua dobbs,joshua dobbs,QB,00-0033949,DobbJo00,2017.0,2024
497,Charlie Kolar,charlie kolar,charlie kolar,TE,00-0038046,KolaCh00,2022.0,2024
498,Carlos Washington,carlos washington,,,,,,2024
499,Cole Turner,cole turner,cole turner,TE,00-0037078,TurnCo00,2022.0,2024
500,Malik Davis,malik davis,malik davis,RB,00-0037563,DaviMa02,2022.0,2024
501,Boston Scott,boston scott,boston scott,RB,00-0034414,ScotBo02,2018.0,2024
502,Marcus Green,marcus green,marcus green,WR,00-0035296,GreeMa02,2019.0,2024
503,Davis Mills,davis mills,davis mills,QB,00-0036898,MillDa02,2021.0,2024
504,Marcus Mariota,marcus mariota,marcus mariota,QB,00-0032268,MariMa01,2015.0,2024
505,Will Mallory,will mallory,will mallory,TE,00-0038394,MallWi00,2023.0,2024
506,Zavier Scott,zavier scott,,,,,,2024
507,Lance McCutcheon,lance mccutcheon,lance mccutcheon,WR,00-0037055,McCuLa01,2022.0,2024
508,Desmond Ridder,desmond ridder,desmond ridder,QB,00-0038122,RiddDe00,2022.0,2024
509,Mason Rudolph,mason rudolph,mason rudolph,QB,00-0034771,RudoMa00,2018.0,2024
510,De'Corian Clark,decorian clark,,,,,,2024
511,Jarrett Stidham,jarrett stidham,jarrett stidham,QB,00-0035264,StidJa00,2019.0,2024
512,Colton Dowell,colton dowell,colton dowell,WR,00-0038632,DoweCo00,2023.0,2024
513,Landen Akers,landen akers,landen akers,WR,00-0036598,AkerLa00,2021.0,2024
514,Tom Brady,tom brady,tom brady,QB,00-0019596,BradTo00,2000.0,2024
515,Jordan Akins,jordan akins,jordan akins,TE,00-0034364,AkinJo00,2018.0,2024
516,Stetson Bennett,stetson bennett,stetson bennett,QB,00-0039107,BennSt00,2023.0,2024
517,Tom Kennedy,tom kennedy,tom kennedy,WR,00-0035544,KennTo01,2019.0,2024
518,Easton Stick,easton stick,easton stick,QB,00-0035282,SticEa00,2019.0,2024
519,Jamal Agnew,jamal agnew,jamal agnew,WR,00-0033572,AgneJa00,2017.0,2024
520,La'Mical Perine,lamical perine,lamical perine,RB,00-0036269,PeriLa00,2020.0,2024
521,Isaiah Wooden,isaiah wooden,isaiah wooden,WR,00-0039730,,2024.0,2024
522,Owen Wright,owen wright,owen wright,RB,00-0038458,WrigOw00,2023.0,2024
523,Sterling Shepard,sterling shepard,sterling shepard,WR,00-0032385,ShepSt00,2016.0,2024
524,Kevin Harris,kevin harris,kevin harris,RB,00-0037286,HarrKe01,2022.0,2024
525,Tyreik McAllister,tyreik mcallister,,,,,,2024
526,Allen Robinson II,allen robinson,allen robinson,WR,00-0031428,RobiAl02,2014.0,2024
527,Randall Cobb,randall cobb,randall cobb,WR,00-0028002,CobbRa00,2011.0,2024
528,D.J. Montgomery,dj montgomery,dj montgomery,WR,00-0035045,,2019.0,2024
529,Daniel Arias,daniel arias,daniel arias,WR,00-0038702,,2023.0,2024
530,Chris Myarick,chris myarick,chris myarick,TE,00-0035345,,2019.0,2024
531,Derek Parish,derek parish,derek parish,RB,00-0038638,PariDe00,2023.0,2024
532,Darion Clark,darion clark,,,,,,2024
533,Jack Stoll,jack stoll,jack stoll,TE,00-0036741,StolJa00,2021.0,2024
534,James Robinson,james robinson,james robinson,RB,00-0035831,RobiJa00,2020.0,2024
535,JaMycal Hasty,jamycal hasty,jamycal hasty,RB,00-0035806,HastJa02,2020.0,2024
536,Matt Breida,matt breida,matt breida,RB,00-0033308,BreiMa00,2017.0,2024
537,Isaiah Hodgins,isaiah hodgins,isaiah hodgins,WR,00-0036165,HodgIs00,2020.0,2024
538,Tanner McKee,tanner mckee,tanner mckee,QB,00-0038400,McKeTa01,2023.0,2024
539,Ronnie Bell,ronnie bell,ronnie bell,WR,00-0038647,BellRo01,2023.0,2024
540,Julian Hill,julian hill,julian hill,TE,00-0038720,HillJu02,2023.0,2024
541,Brevyn Spann-Ford,brevyn spann-ford,brevyn spann-ford,TE,00-0039530,,2024.0,2024
542,Jalen Cropper,jalen cropper,,,,,,2024
543,Lil'Jordan Humphrey,liljordan humphrey,liljordan humphrey,WR,00-0035406,HumpLi01,2019.0,2024
544,Grant Calcaterra,grant calcaterra,grant calcaterra,TE,00-0037086,CalcGr00,2022.0,2024
545,Nate Sudfeld,nate sudfeld,nate sudfeld,QB,00-0032792,SudfNa00,2016.0,2024
546,Ramel Keyton,ramel keyton,ramel keyton,WR,00-0039543,,2024.0,2024
547,Joshua Kelley,joshua kelley,joshua kelley,RB,00-0036370,KellJo01,2020.0,2024
548,Antonio Brown,antonio brown,antonio brown,WR,00-0027793,BrowAn04,2010.0,2024
549,Johnny Football,johnny manziel,johnny manziel,QB,00-0031409,ManzJo00,2014.0,2024
550,Tre Turner,tre turner,,,,,,2024
551,Justin Shorter,justin shorter,justin shorter,WR,00-0038590,ShorJu00,2023.0,2024
552,Patrick Taylor,patrick taylor,patrick taylor,RB,00-0035973,,2020.0,2024
553,Ameer Abdullah,ameer abdullah,ameer abdullah,RB,00-0032104,AbduAm00,2015.0,2024
554,Robbie Chosen,robbie chosen,robbie chosen,WR,00-0032688,AndeRo04,2016.0,2024
555,Ian Thomas,ian thomas,ian thomas,TE,00-0034365,ThomIa00,2018.0,2024
556,Dare Ogunbowale,dare ogunbowale,dare ogunbowale,RB,00-0033854,OgunDa00,2017.0,2024
557,Tyson Bagent,tyson bagent,tyson bagent,QB,00-0038416,BageTy00,2023.0,2024
558,Lawrence Cager,lawrence cager,lawrence cager,TE,00-0036145,,2020.0,2024
559,Corey Davis,corey davis,corey davis,WR,00-0033871,DaviCo03,2017.0,2024
560,Luke Farrell,luke farrell,luke farrell,TE,00-0036887,FarrLu00,2021.0,2024
561,Salvon Ahmed,salvon ahmed,salvon ahmed,RB,00-0036020,AhmeSa01,2020.0,2024
562,River Cracraft,river cracraft,river cracraft,WR,00-0034054,,2017.0,2024
563,Deonte Harty,deonte harty,deonte harty,WR,00-0035215,HarrDe07,2019.0,2024
564,Tyler Badie,tyler badie,tyler badie,RB,00-0037085,BadiTy00,2022.0,2024
565,Hunter Luepke,hunter luepke,hunter luepke,RB,00-0038738,LuepHu00,2023.0,2024
566,Nick Guggemos,nick guggemos,,,,,,2024
567,Jason Cabinda,jason cabinda,,,,,,2024
568,Jalen Berger,jalen berger,,,,,,2024
569,Kevin Thomson,kevin thomson,,,,,,2024
570,Ronald Jones,ronald jones,ronald jones,RB,00-0034816,JoneRo01,2018.0,2024
571,Nathaniel Peat,nathaniel peat,nathaniel peat,RB,00-0039529,,2024.0,2024
572,Mike Thomas,mike thomas,mike thomas,WR,00-0033114,ThomMi04,2016.0,2024
574,Pharaoh Brown,pharaoh brown,pharaoh brown,TE,00-0033439,BrowPh01,2017.0,2024
575,Damion Ratley,damion ratley,damion ratley,WR,00-0034273,RatlDa00,2018.0,2024
576,Andy Isabella,andy isabella,andy isabella,WR,00-0035527,IsabAn00,2019.0,2024
577,Freddie Swain,freddie swain,freddie swain,WR,00-0036247,SwaiFr00,2020.0,2024
578,Jalen Wayne,jalen wayne,,,,,,2024
579,Sam Ehlinger,sam ehlinger,sam ehlinger,QB,00-0036879,EhliSa00,2021.0,2024
580,Ben Roethlisberger,ben roethlisberger,ben roethlisberger,QB,00-0022924,RoetBe00,2004.0,2024
581,Isaiah Washington,isaiah washington,,,,,,2024
582,Deven Thompkins,deven thompkins,deven thompkins,WR,00-0037487,ThomDe07,2022.0,2024
583,Tajae Sharpe,tajae sharpe,tajae sharpe,WR,00-0032778,SharTa00,2016.0,2024
584,Donnie Corley,donnie corley,,,,,,2024
585,Tanner Conner,tanner conner,,,,,,2024
586,Case Keenum,case keenum,case keenum,QB,00-0028986,,2012.0,2024
587,Levi Lewis,levi lewis,,,,,,2024
588,Charlie Woerner,charlie woerner,charlie woerner,TE,00-0036429,WoerCh00,2020.0,2024
589,Marshawn Lynch,marshawn lynch,marshawn lynch,RB,00-0025399,LyncMa00,2007.0,2024
590,DJ Turner,dj turner,dj turner,WR,00-0036527,,2021.0,2024
591,Ben Skowronek,ben skowronek,ben skowronek,WR,00-0036862,SkowBe00,2021.0,2024
592,George Holani,george holani,george holani,RB,00-0039299,,2024.0,2024
595,Ryan Switzer,ryan switzer,ryan switzer,WR,00-0033562,SwitRy00,2017.0,2024
596,Kaden Davis,kaden davis,,,,,,2024
597,Danny Gray,danny gray,danny gray,WR,00-0037828,GrayDa02,2022.0,2024
598,Skylar Thompson,skylar thompson,skylar thompson,QB,00-0037327,ThomSk00,2022.0,2024
599,Rakim Jarrett,rakim jarrett,rakim jarrett,WR,00-0038821,JarrRa00,2023.0,2024
600,Jimmy Graham,jimmy graham,jimmy graham,TE,00-0027696,GrahJi00,2010.0,2024
601,Zack Kuntz,zack kuntz,zack kuntz,TE,00-0038406,KuntZa00,2023.0,2024
602,Jordan Leggett,jordan leggett,jordan leggett,TE,00-0033953,LeggJo00,2017.0,2024
603,Colin Kaepernick,colin kaepernick,colin kaepernick,QB,00-0027974,KaepCo00,2011.0,2024
604,Sal Cannella,sal cannella,,,,,,2024
605,Terique Owens,terique owens,terique owens,WR,00-0039701,,2024.0,2024
606,Elijah Dotson,elijah dotson,elijah dotson,RB,00-0038862,DotsEl00,2023.0,2024
607,Malik Cunningham,malik cunningham,malik cunningham,WR,00-0038911,CunnMa00,2023.0,2024
608,Thaddeus Moss,thaddeus moss,thaddeus moss,TE,00-0036023,,2020.0,2024
609,Jake Tonges,jake tonges,jake tonges,TE,00-0037112,TongJa00,2022.0,2024
610,Aidan Robbins,aidan robbins,aidan robbins,RB,00-0039516,,2024.0,2024
611,Jack Westover,jack westover,jack westover,TE,00-0039305,,2024.0,2024
612,Zach Heins,zach heins,zach heins,TE,00-0039661,,2024.0,2024
613,Kendall Milton,kendall milton,kendall milton,RB,00-0039266,,2024.0,2024
614,Lujuan Winningham,lujuan winningham,lujuan winningham,WR,00-0037071,,2022.0,2024
617,John Rhys Plumlee,john rhys plumlee,,,,,,2024
618,Peyton Ramsey,peyton ramsey,,,,,,2024
619,Dayton Wade,dayton wade,dayton wade,WR,00-0039259,,2024.0,2024
620,Marquise Goodwin,marquise goodwin,marquise goodwin,WR,00-0030068,GoodMa00,2013.0,2024
621,Lawrence Keys,lawrence keys,,,,,,2024
622,Jabari Small,jabari small,jabari small,RB,00-0039652,,2024.0,2024
623,De'Quan Hampton,dequan hampton,,,,,,2024
624,TJ Tampa,tj tampa,,,,,,2024
625,Jakob Johnson,jakob johnson,jakob johnson,RB,00-0035726,JohnJa12,2019.0,2024
626,Matt Sokol,matt sokol,matt sokol,TE,00-0035436,,2019.0,2024
627,Kawaan Baker,kawaan baker,kawaan baker,WR,00-0036939,BakeKa00,2021.0,2024
628,Brady Russell,brady russell,brady russell,TE,00-0038488,RussBr00,2023.0,2024
629,Eric Dungey,eric dungey,,,,,,2024
630,Jake Haener,jake haener,jake haener,QB,00-0038998,HaenJa00,2023.0,2024
631,Kyle Philips,kyle philips,kyle philips,WR,00-0037273,PhilKy01,2022.0,2024
632,Chris Blair,chris blair,chris blair,WR,00-0036463,,2021.0,2024
633,Hunter Long,hunter long,hunter long,TE,00-0037004,LongHu00,2021.0,2024
634,Jacob Harris,jacob harris,jacob harris,WR,00-0036918,HarrJa03,2021.0,2024
635,Ashton Dulin,ashton dulin,ashton dulin,WR,00-0035021,DuliAs00,2019.0,2024
636,Tony Romo,tony romo,tony romo,QB,00-0021678,,2003.0,2024
637,Calvin Tyler,calvin tyler,,,,,,2024
638,Dante Pettis,dante pettis,dante pettis,WR,00-0034860,PettDa00,2018.0,2024
639,David Moore,david moore,david moore,WR,00-0033589,MoorDa03,2017.0,2024
640,Drew Ogletree,drew ogletree,,,,,,2024
641,KhaDarel Hodge,khadarel hodge,khadarel hodge,WR,00-0034854,HodgKh00,2018.0,2024
642,Javon McKinley,javon mckinley,javon mckinley,WR,00-0036750,,2021.0,2024
643,Clayton Tune,clayton tune,clayton tune,QB,00-0038582,TuneCl00,2023.0,2024
644,Isaiah McKenzie,isaiah mckenzie,isaiah mckenzie,WR,00-0033466,McKeIs00,2017.0,2024
645,Myles Gaskin,myles gaskin,myles gaskin,RB,00-0035311,GaskMy00,2019.0,2024
646,Drake Stoops,drake stoops,drake stoops,WR,00-0039773,,2024.0,2024
647,Joseph Ngata,joseph ngata,joseph ngata,WR,00-0038484,,2023.0,2024
648,Bryce Ford-Wheaton,bryce ford-wheaton,bryce ford-wheaton,WR,00-0038477,,2023.0,2024
649,Sean Clifford,sean clifford,sean clifford,QB,00-0038391,ClifSe00,2023.0,2024
650,Malik Willis,malik willis,malik willis,QB,00-0038128,WillMa12,2022.0,2024
651,Dee Eskridge,dwayne eskridge,dwayne eskridge,WR,00-0036620,EskrDW00,2021.0,2024
652,Leonard Taylor,leonard taylor,,,,,,2024
653,Daijun Edwards,daijun edwards,daijun edwards,RB,00-0039455,,2024.0,2024
